title,company,location,date,job_link,description,search_keyword
(Senior) Python Backend Developer,Scope Merge,"Tunis, Tunis, Tunisia",2026-02-10,https://tn.linkedin.com/jobs/view/senior-python-backend-developer-at-scope-merge-4370943991?position=1&pageNum=0&refId=vGBzXi8tYQTungcyjZRpBw%3D%3D&trackingId=L5HhFBY5VRnwM%2FI%2B5j6PWA%3D%3D,"We are hiring a Python Backend Developer to join a small, product-focused team at a fast-growing fintech startup that is redefining how people plan their financial futures. You will work on real digital products with visible impact, in a team that values initiative, ownership, and collaboration.",python developer
Développeur Senior Python,UMANLINK GROUP,"Tunis, Tunis, Tunisia",2026-02-13,https://tn.linkedin.com/jobs/view/d%C3%A9veloppeur-senior-python-at-umanlink-group-4364193264?position=2&pageNum=0&refId=vGBzXi8tYQTungcyjZRpBw%3D%3D&trackingId=YzyHQURI2kLPupMhzFARAw%3D%3D,"Umanlink Group Carrière Développeur Senior Python

Lieu : Tunis

Expérience : minimum 5 ans

Type de contrat : CDI / Freelance

Intégrez une équipe passionnée où innovation et technologie riment avec impact. Vous travaillerez sur des solutions captivantes, avec des selon les projets. Développez vos compétences dans un environnement dynamique et stimulant.

















Déposer votre candidature

Année(s) d'expérience12345Plus que 5

Comment avez-vous entendu parler de nous ?

FacebookLinkedInKeejobSite WebCooptationAutre canal

Δ",python developer
Software Full Stack Developer,KPMG Tunisia,"Tunis, Tunis, Tunisia",2026-02-15,https://tn.linkedin.com/jobs/view/software-full-stack-developer-at-kpmg-tunisia-4368713957?position=3&pageNum=0&refId=vGBzXi8tYQTungcyjZRpBw%3D%3D&trackingId=0EmmRH%2BXOieTeXJ16T4jTw%3D%3D,"Vos Challenges

Face à des enjeux d’évolution du marché et de transformation de nos process internes, les activités majeures du Cabinet que sont l’Audit et l’Advisory ont besoin de s’appuyer sur une expertise forte en solution digitale.

Le Software Full Stack Developer aura à sa charge de :


Votre Profil



Titulaire d’un Master ou d’un diplôme d’Ingénieur (H/F), avec au moins 3 ans d’expérience.

Stack technique :



Méthodologies & outils :



Votre environnement de travail

A propos de KPMG :



Modalités de travail :



N'attendez plus, rejoignez un environnement de travail de qualité où le sens du collectif est clé.",python developer
Ingénieur Fullstack Python/React – MCO & Documentation (H/F),Amaris Consulting,"Tunis, Tunisia",2026-02-04,https://tn.linkedin.com/jobs/view/ing%C3%A9nieur-fullstack-python-react-%E2%80%93-mco-documentation-h-f-at-amaris-consulting-4369204706?position=4&pageNum=0&refId=vGBzXi8tYQTungcyjZRpBw%3D%3D&trackingId=EIbeCyOvWqxOl19R%2F62vLQ%3D%3D,"Job Description

Nous recherchons un Ingénieur Fullstack Python (6-9 ans d’expérience) pour assurer le et la une suite de solutions d’analyse documentaire par IA générative.











































Aimant relever des défis au quotidien, vous savez travailler en autonomie et être force de proposition auprès de vos interlocuteurs afin d’apporter une valeur ajoutée à vos projets. Grâce à un management de proximité et une politique RH personnalisée, vous serez accompagné dans la construction de votre parcours au sein de l'entreprise. Vos qualités relationnelles seront des atouts importants pour réussir dans la fonction et évoluer au sein de notre groupe.

Vous souhaitez intégrer une équipe dynamique et innovante ?

Alors rejoignez-nous",python developer
Full Stack Developer JS - EdTech,Paradox EN,Tunisia,2025-12-30,https://tn.linkedin.com/jobs/view/full-stack-developer-js-edtech-at-paradox-en-4346701907?position=5&pageNum=0&refId=vGBzXi8tYQTungcyjZRpBw%3D%3D&trackingId=RNa%2FjQjtHBGwxPz8Ip9kNg%3D%3D,"Wait a minute.

Are you inspired by building a pioneering EdTech company that will empower millions of people? Do you dream of creating cutting-edge web applications that seamlessly combine AI, UX/UI excellence, and scalability to create transformative learning experiences at scale ?

Are you inspired to work hard, really hard to revolutionize education, innovate with AI, VR, wearables and impact people's lives ?









You don’t want to just code… Education and/or personal development inspires you.



You’ll work hard, innovate fearlessly, and grow with us as we strive to make Paradox an iconic brand that changes lives worldwide.

For us, being Iconic is to innovate at the intersection of Psychology x Creativity x Technology.

You'll work closely with our founding team to define our technical vision.





YOUR MISSION 🚀

will be to take Paradox’s online learning experience to the next level by building the new Paradox App, a state-of-the-art application that integrates AI, delivers an unparalleled user experience. You will be THE key player in creating an online learning management system that can handle several cohorts of hundreds of students at the same time and scales effortlessly to support thousands of students.

Our sources of inspiration are Apple, Nike, Spotify, Disney for their obsession of excelling, having a worldwide impact and not just selling products but

You will be playing a pivotal role in making Paradox play at that level and becoming an iconic brand.

To do so, here are your 5 responsibilities :

1 | BUILD & INNOVATE



2 | SCALABILITY & PERFORMANCE



3 | USER CENTERED DESIGN



4 | PROBLEM SOLVING & TROUBLESHOOTING



5 | COLLABORATION & COMMUNICATION



DO YOU RECOGNIZE YOURSELF? 😍













IT MIGHT NOT BE FOR YOU 🙅‍♀️

Let’s be clear, we are looking for someone who is not just Great, and for whom Paradox ambition isn’t just another cool project; but a true mission.

So if those personal development / coaching / professional growth / education / edtech / teaching / edutainment

Let’s forget about it also if,



🤩 JOIN US IF YOU CRAVE



🏅 We hire only the best, it’s exhilarating to be surroundedwho strive to perform whilst being in a good mood. You'll be working with some of the best minds. We understand that ""A"" people attract ""A"" people.

🏋️‍♀️ but ongoing conversations to support your professional development.

⚡️ Being part of an with a lot of growth opportunities.



🦄 whose content and products are enjoyed by millions of people







😎 based on autonomy & accountability

🗽

🌎 from day one with the freedom to work from wherever you want

🏤 you’re at home worldwide

paid by the company, if you live far from our offices

💻

🏀

📚 (books, education): we are passionate about learning and want to support your growth)

🤝 : a Paradox coach supporting you personally or professionally to live your best life

✈️



HIRING PROCESS 📃

That job description resonated with you?





with , our Talent Manager, to tell you more about the challenge and see if it fits with your experience and expectations,

💻 with to dive deeper into your technical skills, see how we can match your desires with our needs and for you both to understand how you could fit in Paradox’s social media team.

💻A Technical test, you will present to so we can learn more about your technical choices and understand if we can write the success story together.

💻with - our culture coach - to check in depth the alignment between you and our values and culture

💼 to get in-depth insights about how you work in different environments, make your onboarding easier, and give everybody on the team the insurance to be surrounded by A-Players.





Our recruitment process is tailored to do our best to avoid that you or us realize that we’re not a perfect fit. Every step serves a purpose and will allow us to get to know you better as much as it’ll help you understand more where you’ll be stepping in.

We also want you to have time to ask all of your questions regarding the mission, the long-term vision of your team and the company, our values, with the relevant interlocutor in front of you.

But maybe YOU WONDER WHAT’S OUR STORY ? 😉

At Paradox, we are convinced that people do not want “just a job” anymore.

We are all craving to have an impact through our professional journey. Some want to start their own venture, some want to become an intrapreneur in their current organization, some others just want their day-to-day tasks to have more meaning.



But where do we start?

If you have an interest in personal development, you probably already know that:



It needs to change, and we’re here to make it happen!



In other words, we want to make personal growth

How, you might be wondering?



From one well-known Founder to a team of +45 people today (and counting!), this approach has paid off and enabled us to exceed 2 million followers on social networks, and to have thousands of people attending our online events and training courses.",python developer
DEVELOPPEUR FULL STACK SENIOR,RED TIC,"Tunis, Tunis, Tunisia",2025-12-17,https://tn.linkedin.com/jobs/view/developpeur-full-stack-senior-at-red-tic-4344481648?position=6&pageNum=0&refId=vGBzXi8tYQTungcyjZRpBw%3D%3D&trackingId=8w%2Bh1vWt3jrLbuMTMPOtDA%3D%3D,"CDD
Tunis
Publié il y a 2 mois

RED TIC recherche un pour concevoir, développer et maintenir des applications performantes et évolutives. Vous interviendrez sur l’ensemble de la chaîne de valeur, du cadrage technique à la mise en production, en apportant votre expertise pour garantir la qualité, la sécurité et la scalabilité des solutions.









management training sourcing job jobs offer internship morocco africa java développement developpement développeur developpeur informatique application it jee android consultant devops fullstack. D’abord. Tout d’abord. En premier lieu. Ensuite, de plus. Finalement. En outre. Par ailleurs. En dernier lieu. enfin. D’abord, En premier lieu, Pour commencer, Premièrement, En conclusions ur conclure, Enfn, Finalement, En dernier lieu, bien que. il y a aussi il est vrai que… mais. tout en reconnaissant que… on peut supposer que. Par exemple . En fait . Prenons le cas de. Considérons, par exemple. L’exemple le plus r. Cependant. Mais. Pourtant. Toutefois. Néanmoins. Contraste. Alors que. Tandis que. Par contre. En revanche

Nom et Prénom

Adresse Email

Mobile

Niveau d étude

Bac Bac +1 Bac +2 Bac +3 Bac +4 Bac +5 Bac + X

Années d’Expérience

0 +1 +2 +3 +4 +5 +6 +7 +8 +9 + 10

Préavis

Disponible immédiatement -1 mois 1 mois 2 mois +2 mois

Message

Upload CV

Téléverser votre CV ou tout autre document relatif. Taille max: 2 MB.

Consentement à la conservation des données

J’accepte que mes données personnelles et mon CV soient collectés et conservés par RED TIC pour être recontacté(e) au sujet de cette offre ou d’autres opportunités correspondant à mon profil.",python developer
Full-Stack Engineer (Web & APIs),The Flex,"Tunis, Tunis, Tunisia",2026-01-29,https://tn.linkedin.com/jobs/view/full-stack-engineer-web-apis-at-the-flex-4367302212?position=7&pageNum=0&refId=vGBzXi8tYQTungcyjZRpBw%3D%3D&trackingId=s6OkXxP5h7XWyMvh6XmAmQ%3D%3D,"At The Flex, we believe renting a home should feel instant, intelligent, and effortless — as seamless as booking a ride.

Our ambition is bold: enabling anyone to live anywhere, anytime, without friction.

Powered by , our proprietary automation engine, we are building the operating system for modern renting — connecting property data, orchestrating operations, and enabling seamless stays across continents.

If you’re energized by , this is your opportunity to shape how millions of people move, live, and experience the world.

💡 What You’ll Build

As a , you will design, build, and scale the core web applications and APIs behind The Flex platform — powering instant bookings, intelligent access, automated workflows, and predictive operations.

You will work end-to-end across , turning complex operational challenges into clean, scalable, API-first systems.

You won’t just ship features.

You’ll create leverage, unlock automation, and architect the foundation of an intelligent, global rental ecosystem.

⚙️ Your Mission



Develop fast, reliable, and scalable web applications and APIs that power bookings, payments, availability, and guest experiences.



Architect robust, well-documented APIs that connect Base360.ai to internal tools and external partners.



Build event-driven services and automated workflows that eliminate manual operations across the business.



Deliver high-impact integrations with partners such as Airbnb, Stripe, Hostaway, and Twilio.



Ship and maintain serverless infrastructure on AWS, optimized for speed, resilience, and global scale.



Tackle real-time booking synchronization, pricing intelligence, keyless access logic, AI-powered alerts, and live operational dashboards.



Collaborate closely with product, data, and operations teams to turn ideas into measurable, real-world impact.

🧠 You’re a Great Fit If You Have



🌍 Why You’ll Love Working Here



Your work will power thousands of stays and help redefine a multi-trillion-pound industry.



Minimal bureaucracy, high trust, and the chance to build foundational systems from day one.



Fast iteration, continuous learning, and a culture that values technical excellence.



Competitive compensation with meaningful upside for exceptional contributors.



Work from anywhere — we measure outcomes, not hours.

🚫 This Role Is Not for You If",python developer
Java Full Stack Engineer FS,Yassir,"Tunis, Tunisia",2025-08-13,https://tn.linkedin.com/jobs/view/java-full-stack-engineer-fs-at-yassir-4284472681?position=8&pageNum=0&refId=vGBzXi8tYQTungcyjZRpBw%3D%3D&trackingId=ViBMP9kST2CLgr9IdochcQ%3D%3D,"Yassir is the leading super App in the Maghreb region set to changing the way daily services are provided. It currently operates in 45 cities across Algeria, Morocco and Tunisia with recent expansions into France, Canada and Sub-Saharan Africa. It is backed (:$200M in funding) by VCs from Silicon Valley, Europe and other parts of the world.

We offer on-demand services such as ride-hailing and last-mile delivery. Building on this infrastructure, we are now introducing financial services to help our users pay, save and borrow digitally.

Helping usher the continent into a digital economy era. We’re not just about serving people - we’re about creating a marketplace to bring people what they need while infusing social values.
















At Yassir, we believe in the power of diversity and the importance of an inclusive culture. So, if you're ready to bring your unique perspective and experiences to the table, then we're excited to listen.

Don't just apply for a job, come and be a part of our journey. Let's create a better tomorrow together.

We look forward to receiving your application!

Best of luck,

Your Yassir TA Team

We may use artificial intelligence (AI) tools to support parts of the hiring process, such as reviewing applications, analyzing resumes, or assessing responses. These tools assist our recruitment team but do not replace human judgment. Final hiring decisions are ultimately made by humans. If you would like more information about how your data is processed, please contact us.",python developer
Senior Back-End JS Engineer,CobbleWeb - The Online Marketplace Experts,Grand Tunis Metropolitan Area,2025-08-06,https://tn.linkedin.com/jobs/view/senior-back-end-js-engineer-at-cobbleweb-the-online-marketplace-experts-4280974476?position=9&pageNum=0&refId=vGBzXi8tYQTungcyjZRpBw%3D%3D&trackingId=4vw559IPQBjgRtUncshjGg%3D%3D,"This position is 100% remote.

What are we looking for?







But don’t take our word for it.",python developer
Développeur Full Stack Web Senior,UMANLINK GROUP,"Tunis, Tunis, Tunisia",2026-02-13,https://tn.linkedin.com/jobs/view/d%C3%A9veloppeur-full-stack-web-senior-at-umanlink-group-4363976698?position=10&pageNum=0&refId=vGBzXi8tYQTungcyjZRpBw%3D%3D&trackingId=3tTcypEtGMmIHYiRY47mFA%3D%3D,"Umanlink Group Carrière Développeur Full Stack Web Senior

Lieu : Tunis

Expérience : minimum 5 ans

Type de contrat : CDI / Freelance

Rejoignez une équipe de et bénéficiez de , avec des . Travaillez sur des solutions innovantes en utilisant des technologies à la pointe, tout en profitant de la .

















Déposer votre candidature

Année(s) d'expérience12345Plus que 5

Comment avez-vous entendu parler de nous ?

FacebookLinkedInKeejobSite WebCooptationAutre canal

Δ",python developer
Ingénieur Full Stack,Leader Transport,"Tunis, Tunis, Tunisia",2026-02-04,https://tn.linkedin.com/jobs/view/ing%C3%A9nieur-full-stack-at-leader-transport-4337422258?position=11&pageNum=0&refId=vGBzXi8tYQTungcyjZRpBw%3D%3D&trackingId=tYfZDlo1lRE8ChMhfhcYEQ%3D%3D,,python developer
Ingénieur DevOps (Docker /python),Capgemini Engineering,"Tunis, Tunisia",2026-01-20,https://tn.linkedin.com/jobs/view/ing%C3%A9nieur-devops-docker-python-at-capgemini-engineering-4361971141?position=12&pageNum=0&refId=vGBzXi8tYQTungcyjZRpBw%3D%3D&trackingId=9lQ%2B44n7Zo4KM6hGYpHSow%3D%3D,,python developer
Développeur Full Stack Senior,Atlas énergies,"Tunis, Tunisia",2026-01-19,https://tn.linkedin.com/jobs/view/d%C3%A9veloppeur-full-stack-senior-at-atlas-%C3%A9nergies-4360474454?position=13&pageNum=0&refId=vGBzXi8tYQTungcyjZRpBw%3D%3D&trackingId=2ONBaNQbMaXhpy6Yo6z8qw%3D%3D,"À propos de l’entreprise

Atlas Energies est une scale-up en hypercroissance qui opère au cœur des piliers de la société moderne : l’énergie, la technologie et la performance.

Portée par une croissance à trois chiffres, notre ambition est claire : transformer durablement la manière dont les entreprises consomment et pilotent leur énergie.

Chaque jour, nous accompagnons PME, ETI et grands comptes pour mieux acheter, mieux consommer et mieux gérer leur énergie, en combinant expertise métier, technologie et excellence humaine.



Tu rejoins Atlas Energies pour jouer un rôle clé dans notre phase de croissance : industrialiser, automatiser et digitaliser les processus métiers afin de garantir performance, fiabilité et scalabilité sur le long terme. En tant que développeur full stack senior, ton rôle dépasse le code : tu conçois des architectures solides, automatises des flux complexes, connectes des outils et structures la data pour accompagner une croissance rapide et durable.











Ici, ton travail a un vrai impact, tu construis des systèmes au cœur du business, avec une forte autonomie, des responsabilités qui évoluent vite et une trajectoire claire vers des rôles techniques clés. Tu rejoins une équipe ambitieuse, un projet en pleine croissance, des bureaux vivants et pleins d’ambiance.",python developer
Ingénieur Full Stack,The Win recrutement,"Tunis, Tunis, Tunisia",2026-02-02,https://tn.linkedin.com/jobs/view/ing%C3%A9nieur-full-stack-at-the-win-recrutement-4357564111?position=14&pageNum=0&refId=vGBzXi8tYQTungcyjZRpBw%3D%3D&trackingId=hJ%2F%2BZvHb4C1VMbVi9SwqCw%3D%3D,,python developer
Développeur Full Stack Senior,Be-Softilys Tunisie,"Ḥalq al-Wādī, Tunis, Tunisia",2026-02-03,https://tn.linkedin.com/jobs/view/d%C3%A9veloppeur-full-stack-senior-at-be-softilys-tunisie-4368253806?position=15&pageNum=0&refId=vGBzXi8tYQTungcyjZRpBw%3D%3D&trackingId=g7C3wRKpGsjnMbLxT%2BZn9A%3D%3D,"Dans le cadre de notre croissance, nous recrutons un Développeur Senior Full Stack Spring Boot / Angular, au sein d’une équipe pluridisciplinaire fonctionnant en mode Agile. Vous serez garant(e) de la qualité, de la performance et de la vélocité des développements de notre solution.

Une expérience sur des architectures est indispensable.



🔹 Contribuer à l’analyse des besoins et au choix des solutions techniques

🔹 Participer aux phases de chiffrage et d’estimation

🔹 Concevoir et développer des fonctionnalités de bout en bout (front-end et back-end)

🔹 Garantir la performance, la maintenabilité et la sécurité des applications

🔹 Être un acteur de la montée en compétence de l’équipe et les accompagner sur les sujets structurants et complexes

🔹 Garantir la qualité du code et de la documentation technique

🔹 Participer aux étapes de revue de code et le bon déploiement des composants applicatifs

🔹 Garantir le bon fonctionnement nominal des user stories développées





Java 17+, Angular 15+, Spring Boot 3+, MongoDB, SonarQube



Axon, Camunda, Kafka, PostgreSQL, Elasticsearch, Docker, Kubernetes (K8s), GitLab CI, CQRS / Event Sourcing



Agile, TDD, API-First, DDD





✔ Diplôme d’Ingénieur en développement logiciel

✔ Minimum 5 ans d’expérience en tant que développeur confirmé ou senior

✔ Forte appétence pour les architectures et technologies modernes

✔ Envie de s’investir dans la construction d’un progiciel de type place de marché



✨ Participation à la construction d’un progiciel innovant

✨ Mode de travail hybride

✨ Package attractif

✨ Réelles perspectives d’évolution de carrière",python developer
"Senior Full-Stack JS Developer (Node.js, React)",CobbleWeb - The Online Marketplace Experts,Grand Tunis Metropolitan Area,2025-06-27,https://tn.linkedin.com/jobs/view/senior-full-stack-js-developer-node-js-react-at-cobbleweb-the-online-marketplace-experts-4258456218?position=16&pageNum=0&refId=vGBzXi8tYQTungcyjZRpBw%3D%3D&trackingId=fyshCVyvEOR1ZRxikJ9ajw%3D%3D,"This position is 100% remote.

What are we looking for?

We are looking for solution focused individuals with a can-do attitude. Your commitment to continuous learning means you are tech agnostic – always looking for the best way to execute a project or task. You share our philosophy of purpose-driven development that ensures the best possible outcomes for our clients. Like us, you believe in a strong work ethic and take pride in the quality of your code. You see the big picture and strive for the sense of accomplishment that comes from successfully executing a new project, such as an online marketplace that is perfectly geared for growth. Last but not least, you enjoy collaborating with a team of equally motivated developers and digital strategists.







This is a %100 remote position available to candidates within +/- 3 hours from the UK time zone. Candidates are kindly requested to answer the below screening questions in their cover letter. Your responses will help us better understand your suitability for the role.",python developer
Senior Full Stack Developer,Visualis Media,Tunisia,2025-11-28,https://tn.linkedin.com/jobs/view/senior-full-stack-developer-at-visualis-media-4339229749?position=17&pageNum=0&refId=vGBzXi8tYQTungcyjZRpBw%3D%3D&trackingId=K3lC8lswgv%2B1hP3Sr%2FnSSw%3D%3D,"Job Description

We are looking for a highly skilled Full Stack Developer with expertise of high-performance and scalable websites using Next.js, React, along with experience in SQL, NoSQL databases and CMS frameworks. In this role, you will be responsible for implementing and maintaining high-performance web applications and you will collaborate closely with cross-functional teams to deliver innovative, responsive, and SEO-friendly web applications that align with business goals. This role requires deep technical expertise, leadership skills, and a passion for modern web development.",python developer
"Lead Full Stack Engineer (.Net, Vue/React) - Fully Remote",CoverGo | Insurtech,"Tunis, Tunisia",2025-11-26,https://tn.linkedin.com/jobs/view/lead-full-stack-engineer-net-vue-react-fully-remote-at-covergo-insurtech-4339165445?position=18&pageNum=0&refId=vGBzXi8tYQTungcyjZRpBw%3D%3D&trackingId=imXOqcxCXxE%2F7MyAUfSYHQ%3D%3D,"Top 3 Reasons To Join Us

Competitive Salary
International Environment




At CoverGo, our mission is to empower all insurance companies to make insurance 100% digital and accessible to everyone.





As the Lead Full Stack Engineer, you will take on a pivotal role in guiding the design, implementation, and maintenance of our innovative SaaS platform. You will provide technical direction to the team, working across both front-end and back-end technologies, ensuring scalable and efficient software solutions. Collaborate closely with cross-functional teams to understand end-user requirements, optimize application performance, and enforce best coding practices. Your role will encompass mentoring junior developers, driving innovation, and ensuring the continuous growth and success of our platform.













Video

By submitting your application, you confirm that you have read, understood, and accepted the content of CoverGo's Privacy Notice and you consent to the processing of your data as part of this application.",python developer
"Lead Full Stack Engineer (.Net, Vue/React) - Fully Remote",CoverGo | Insurtech,"Sousse, Sousse, Tunisia",2025-11-26,https://tn.linkedin.com/jobs/view/lead-full-stack-engineer-net-vue-react-fully-remote-at-covergo-insurtech-4339005553?position=19&pageNum=0&refId=vGBzXi8tYQTungcyjZRpBw%3D%3D&trackingId=62gSBHZAFVDqTOVOIUUYwQ%3D%3D,"Top 3 Reasons To Join Us

Competitive Salary
International Environment




At CoverGo, our mission is to empower all insurance companies to make insurance 100% digital and accessible to everyone.





As the Lead Full Stack Engineer, you will take on a pivotal role in guiding the design, implementation, and maintenance of our innovative SaaS platform. You will provide technical direction to the team, working across both front-end and back-end technologies, ensuring scalable and efficient software solutions. Collaborate closely with cross-functional teams to understand end-user requirements, optimize application performance, and enforce best coding practices. Your role will encompass mentoring junior developers, driving innovation, and ensuring the continuous growth and success of our platform.













Video

By submitting your application, you confirm that you have read, understood, and accepted the content of CoverGo's Privacy Notice and you consent to the processing of your data as part of this application.",python developer
"Lead Full Stack Engineer (.Net, Vue/React) - Fully Remote",CoverGo | Insurtech,"Ariana, Tunisia",2025-11-26,https://tn.linkedin.com/jobs/view/lead-full-stack-engineer-net-vue-react-fully-remote-at-covergo-insurtech-4339105540?position=20&pageNum=0&refId=vGBzXi8tYQTungcyjZRpBw%3D%3D&trackingId=otiniK2mP804TiUlkiSSjg%3D%3D,"Top 3 Reasons To Join Us

Competitive Salary
International Environment




At CoverGo, our mission is to empower all insurance companies to make insurance 100% digital and accessible to everyone.





As the Lead Full Stack Engineer, you will take on a pivotal role in guiding the design, implementation, and maintenance of our innovative SaaS platform. You will provide technical direction to the team, working across both front-end and back-end technologies, ensuring scalable and efficient software solutions. Collaborate closely with cross-functional teams to understand end-user requirements, optimize application performance, and enforce best coding practices. Your role will encompass mentoring junior developers, driving innovation, and ensuring the continuous growth and success of our platform.













Video

By submitting your application, you confirm that you have read, understood, and accepted the content of CoverGo's Privacy Notice and you consent to the processing of your data as part of this application.",python developer
"Lead Full Stack Engineer (.Net, Vue/React) - Fully Remote",CoverGo | Insurtech,"Sfax, Tunisia",2025-11-26,https://tn.linkedin.com/jobs/view/lead-full-stack-engineer-net-vue-react-fully-remote-at-covergo-insurtech-4339135399?position=21&pageNum=0&refId=vGBzXi8tYQTungcyjZRpBw%3D%3D&trackingId=1bCa2dB2PilwcXocI9yGXw%3D%3D,"Top 3 Reasons To Join Us

Competitive Salary
International Environment




At CoverGo, our mission is to empower all insurance companies to make insurance 100% digital and accessible to everyone.





As the Lead Full Stack Engineer, you will take on a pivotal role in guiding the design, implementation, and maintenance of our innovative SaaS platform. You will provide technical direction to the team, working across both front-end and back-end technologies, ensuring scalable and efficient software solutions. Collaborate closely with cross-functional teams to understand end-user requirements, optimize application performance, and enforce best coding practices. Your role will encompass mentoring junior developers, driving innovation, and ensuring the continuous growth and success of our platform.













Video

By submitting your application, you confirm that you have read, understood, and accepted the content of CoverGo's Privacy Notice and you consent to the processing of your data as part of this application.",python developer
Développeur Full Stack Senior,Atlas énergies,"Tunis, Tunis, Tunisia",2026-02-10,https://tn.linkedin.com/jobs/view/d%C3%A9veloppeur-full-stack-senior-at-atlas-%C3%A9nergies-4360485820?position=22&pageNum=0&refId=vGBzXi8tYQTungcyjZRpBw%3D%3D&trackingId=F8eyo%2FJreDQXRKTsqSrkrQ%3D%3D,"À propos de l’entreprise

Atlas Energies est une scale-up en hypercroissance qui opère au cœur des piliers de la société moderne : l’énergie, la technologie et la performance.

Portée par une croissance à trois chiffres, notre ambition est claire : transformer durablement la manière dont les entreprises consomment et pilotent leur énergie.

Chaque jour, nous accompagnons PME, ETI et grands comptes pour mieux acheter, mieux consommer et mieux gérer leur énergie, en combinant expertise métier, technologie et excellence humaine.



Tu rejoins Atlas Energies pour jouer un rôle clé dans notre phase de croissance : industrialiser, automatiser et digitaliser les processus métiers afin de garantir performance, fiabilité et scalabilité sur le long terme. En tant que développeur full stack senior, ton rôle dépasse le code : tu conçois des architectures solides, automatises des flux complexes, connectes des outils et structures la data pour accompagner une croissance rapide et durable.











Ici, ton travail a un vrai impact, tu construis des systèmes au cœur du business, avec une forte autonomie, des responsabilités qui évoluent vite et une trajectoire claire vers des rôles techniques clés. Tu rejoins une équipe ambitieuse, un projet en pleine croissance, des bureaux vivants et pleins d’ambiance.





Atlas Énergies réunit l’humain et la technologie pour transformer la performance énergétique des entreprises.

Rejoindre Atlas Énergies, c’est intégrer une équipe en pleine croissance, où l’expertise métier rencontre l’innovation technologique.

Ici, chaque talent compte : tu participes directement à des projets qui ont un impact concret sur la transition énergétique des entreprises.",python developer
Senior Full Stack Developer JS - EdTech,Paradox EN,Tunisia,2025-12-27,https://tn.linkedin.com/jobs/view/senior-full-stack-developer-js-edtech-at-paradox-en-4346219976?position=23&pageNum=0&refId=vGBzXi8tYQTungcyjZRpBw%3D%3D&trackingId=XAAtDXR7jRHMAJa5%2BCwd7g%3D%3D,"Wait a minute.

Are you inspired by building a pioneering EdTech company that will empower millions of people? Do you dream of creating cutting-edge web applications that seamlessly combine AI, UX/UI excellence, and scalability to create transformative learning experiences at scale ?

Are you inspired to work hard, really hard to revolutionize education, innovate with AI, VR, wearables and impact people's lives ?









You don’t want to just code… Education and/or personal development inspires you.



You’ll work hard, innovate fearlessly, and grow with us as we strive to make Paradox an iconic brand that changes lives worldwide.

For us, being Iconic is to innovate at the intersection of Psychology x Creativity x Technology.

You'll work closely with our founding team to define our technical vision.





YOUR MISSION 🚀

will be to take Paradox’s online learning experience to the next level by building the new Paradox App, a state-of-the-art application that integrates AI, delivers an unparalleled user experience. You will be THE key player in creating an online learning management system that can handle several cohorts of hundreds of students at the same time and scales effortlessly to support thousands of students.

Our sources of inspiration are Apple, Nike, Spotify, Disney for their obsession of excelling, having a worldwide impact and not just selling products but

You will be playing a pivotal role in making Paradox play at that level and becoming an iconic brand.

To do so, here are your 5 responsibilities :

1 | BUILD & INNOVATE



2 | SCALABILITY & PERFORMANCE



3 | USER CENTERED DESIGN



4 | PROBLEM SOLVING & TROUBLESHOOTING



5 | COLLABORATION & COMMUNICATION



DO YOU RECOGNIZE YOURSELF? 😍













IT MIGHT NOT BE FOR YOU 🙅‍♀️

Let’s be clear, we are looking for someone who is not just Great, and for whom Paradox ambition isn’t just another cool project; but a true mission.

So if those personal development / coaching / professional growth / education / edtech / teaching / edutainment

Let’s forget about it also if,



🤩 JOIN US IF YOU CRAVE



🏅 We hire only the best, it’s exhilarating to be surroundedwho strive to perform whilst being in a good mood. You'll be working with some of the best minds. We understand that ""A"" people attract ""A"" people.

🏋️‍♀️ but ongoing conversations to support your professional development.

⚡️ Being part of an with a lot of growth opportunities.



🦄 whose content and products are enjoyed by millions of people







😎 based on autonomy & accountability

🗽

🌎 from day one with the freedom to work from wherever you want

🏤 you’re at home worldwide

paid by the company, if you live far from our offices

💻

🏀

📚 (books, education): we are passionate about learning and want to support your growth)

🤝 : a Paradox coach supporting you personally or professionally to live your best life

✈️



HIRING PROCESS 📃

That job description resonated with you?





with , our Talent Manager, to tell you more about the challenge and see if it fits with your experience and expectations,

💻 with to dive deeper into your technical skills, see how we can match your desires with our needs and for you both to understand how you could fit in Paradox’s social media team.

💻A Technical test, you will present to so we can learn more about your technical choices and understand if we can write the success story together.

💻with - our culture coach - to check in depth the alignment between you and our values and culture

💼 to get in-depth insights about how you work in different environments, make your onboarding easier, and give everybody on the team the insurance to be surrounded by A-Players.





Our recruitment process is tailored to do our best to avoid that you or us realize that we’re not a perfect fit. Every step serves a purpose and will allow us to get to know you better as much as it’ll help you understand more where you’ll be stepping in.

We also want you to have time to ask all of your questions regarding the mission, the long-term vision of your team and the company, our values, with the relevant interlocutor in front of you.

But maybe YOU WONDER WHAT’S OUR STORY ? 😉

At Paradox, we are convinced that people do not want “just a job” anymore.

We are all craving to have an impact through our professional journey. Some want to start their own venture, some want to become an intrapreneur in their current organization, some others just want their day-to-day tasks to have more meaning.



But where do we start?

If you have an interest in personal development, you probably already know that:



It needs to change, and we’re here to make it happen!



In other words, we want to make personal growth

How, you might be wondering?



From one well-known Founder to a team of +45 people today (and counting!), this approach has paid off and enabled us to exceed 2 million followers on social networks, and to have thousands of people attending our online events and training courses.",python developer
"Senior Backend Engineer, Node.js + AWS",Deel,Tunisia,2026-02-10,https://tn.linkedin.com/jobs/view/senior-backend-engineer-node-js-%2B-aws-at-deel-4370721159?position=24&pageNum=0&refId=vGBzXi8tYQTungcyjZRpBw%3D%3D&trackingId=XI2IMrFcf7LQo8RHC%2FB2Mw%3D%3D,"Who We Are Is What We Do.

Deel is the all-in-one payroll and HR platform for global teams. Our vision is to unlock global opportunity for every person, team, and business. Built for the way the world works today, Deel combines HRIS, payroll, compliance, benefits, performance, and equipment management into one seamless platform. With AI-powered tools and a fully owned payroll infrastructure, Deel supports every worker type in 150+ countries—helping businesses scale smarter, faster, and more compliantly.

Among the largest globally distributed companies in the world, our team of 7,000 spans more than 100 countries, speaks 74 languages, and brings a connected and dynamic culture that drives continuous learning and innovation for our customers.



As the fastest-growing Software as a Service (SaaS) company in history, Deel is transforming how global talent connects with world-class companies – breaking down borders that have traditionally limited both hiring and career opportunities. We're not just building software; we're creating the infrastructure for the future of work, enabling a more diverse and inclusive global economy. In 2024 alone, we paid $11.2 billion to workers in nearly 100 currencies and provided healthcare and benefits to workers in 109 countries—ensuring people get paid and protected, no matter where they are.

Our momentum is reflected in our achievements and customer satisfaction: CNBC Disruptor 50, Forbes Cloud 100, Deloitte Fast 500, and repeated recognition on Y Combinator’s top companies list – all while maintaining a 4.83 average rating from 15,000 reviews across G2, Trustpilot, Captera, Apple and Google.

Your experience at Deel will be a career accelerator. At the forefront of the global work revolution, you'll tackle complex challenges that impact millions of people's working lives. With our momentum—backed by a $17.3 billion valuation and $1 B in Annual Recurring Revenue (ARR) in just over five years—you'll drive meaningful impact while building expertise that makes you a sought-after leader in the transformation of global work.



















Our workforce deserves fair and competitive pay that meets them where they are. With scalable benefits, rewards, and perks, our total rewards programs reflect our commitment to inclusivity and access for all.





At Deel, we’re an equal-opportunity employer that values diversity and positively encourage applications from suitably qualified and eligible candidates regardless of race, religion, sex, national origin, gender, sexual orientation, age, marital status, veteran status, disability status, pregnancy or maternity or other applicable legally protected characteristics.



Deel is an equal-opportunity employer and is committed to cultivating a diverse and inclusive workplace that reflects different abilities, backgrounds, beliefs, experiences, identities and perspectives.

Deel will provide accommodations on request throughout the recruitment, selection and assessment process for applicants with disabilities. If you require accommodations, please inform our Talent Acquisition Team via this link and a team member will be in touch to ensure your equal participation. If you have difficulty accessing the form, please email at recruiting@deel.com.

As part of our hiring process, we primarily rely on interviews and role-related assessments. In limited cases, we may also consider informal background information relevant to the role, in line with our privacy and fairness obligations.

This application process may utilise Automated Employment Decision Tools (AEDT) and AI systems to assist in evaluating candidates based on experience level, technical skills and qualifications. This processing is conducted in compliance with applicable Data Protection, AI Governance and Labour Laws. We ensure human oversight is maintained in all final hiring decisions. Your personal data is not used to train AI models. For more information on how we process your personal data, please see our .",python developer
Senior Développeur Back-End JAVA 17 ou plus,Devoteam,"Tunis, Tunis, Tunisia",2026-02-07,https://tn.linkedin.com/jobs/view/senior-d%C3%A9veloppeur-back-end-java-17-ou-plus-at-devoteam-4322593565?position=25&pageNum=0&refId=vGBzXi8tYQTungcyjZRpBw%3D%3D&trackingId=1XNcjsKspp6sN0S9hJcmbQ%3D%3D,"Chez Devoteam, nous sommes des « Digital Transformakers ». Le respect, la franchise et la passion animent chaque jour notre tribu.

Ensemble, nous aidons nos clients à remporter la bataille du Digital : du conseil à la mise en œuvre de technologies innovantes, jusqu’à l’adoption des usages.

Cloud, Cybersecurity, Data, DevOps, Fullstack Dev, Low Code, RPA n’ont plus aucun secret pour notre tribu !

Nos 10 000+ collaborateurs sont certifiés, formés et accompagnés au quotidien pour relever de nouveaux challenges innovants.

Leader du Cloud, de la Cybersécurité et de la Data en EMEA, le Groupe Devoteam a réalisé en 2023 un chiffre d’affaires de 1,3 milliard d’euros et se donne pour ambition de le doubler dans les 5 années à venir.

Devoteam Tunisie, filiale de Devoteam Group, est génératrice de valeur depuis plus de 14 années. Travaillant à la fois à l'échelle africaine et internationale, notre équipe compte plus de 130 consultant(e)s pluridisciplinaires doté(e)s de compétences variées (consultants en transformation digitale, développeurs, chefs de projets, experts en data et cybersécurité) travaillant sur des projets enrichissants et innovants.



Intégré(e) dans nos équipes Nearshore, le/la consultant(e) aura pour mission de développer et maintenir les applications back-end de l'écosystème de nos clients. Cela comprend la

conception, la mise en œuvre et la documentation des API REST, la gestion des bases de données, la mise en place des tests unitaires et d'intégration, ainsi que la participation aux déploiements et à la maintenance des applications.








Envie de valoriser votre expertise, de développer vos compétences dans un environnement en perpétuelle évolution et de booster votre carrière ? Rejoignez la tribu !",python developer
Lead Full-Stack Engineer,The Flex,"Tunis, Tunis, Tunisia",2026-01-29,https://tn.linkedin.com/jobs/view/lead-full-stack-engineer-at-the-flex-4367311139?position=26&pageNum=0&refId=vGBzXi8tYQTungcyjZRpBw%3D%3D&trackingId=pr%2FYMdmkfV%2FvFPpKmemX7A%3D%3D,"oin the team redefining the future of global living.

At The Flex, we believe renting a home should feel instant, intelligent, and effortless — as seamless as booking a ride.

Our ambition is bold: enabling anyone to live anywhere, anytime, without friction.

Powered by Base360.ai, our proprietary automation engine, we’re building the operating system for modern renting — connecting property data, orchestrating operations, and enabling seamless stays across continents.

If you’re driven by technical ownership, system architecture, and building platforms that operate at real-world scale, this role puts you at the center of how millions of people move, live, and experience the world.

💡 What You’ll Build

As a Lead Full-Stack Engineer, you will own the architecture and technical direction of The Flex platform — spanning web applications, APIs, automation engines, and cloud infrastructure.

You’ll lead by building.

You’ll design systems, set standards, and make key technical decisions while remaining deeply hands-on across the stack.

This is not a people-management role.

It’s a technical leadership role for someone who wants to shape systems, mentor by example, and build platforms that scale globally.

⚙️ Your Mission

Own the Architecture

Define and evolve the technical architecture powering bookings, payments, availability, pricing, and guest experience.

Lead by Building

Deliver critical features end-to-end across frontend, backend, and infrastructure — setting the bar for quality and speed.

Design API-First Platforms

Architect scalable, well-structured APIs that connect Base360.ai to internal tools and external partners.

Automate the Business

Build event-driven services and intelligent workflows that replace manual operations across the company.

Integrate at Scale

Own and evolve deep integrations with platforms such as Airbnb, Stripe, Hostaway, and Twilio.

Ship with Confidence

Deploy and operate serverless infrastructure on AWS, ensuring reliability, security, and global performance.

Solve the Hard Stuff

Lead solutions for real-time booking sync, pricing intelligence, keyless access logic, AI-powered alerts, and live operational dashboards.

Raise the Bar

Establish best practices, review critical code, and mentor engineers through example and technical clarity.

🧠 You’re a Great Fit If You Have

Strong senior-level experience with Node.js, React, and AWS (serverless)
Proven ownership of system architecture and complex distributed systems
Deep experience designing and scaling API-first platforms
Experience with Python / FastAPI for automation or data services (bonus)
A history of building production-grade systems used at real scale
High standards for code quality, reliability, and performance
A builder’s mindset — you execute fast, think long-term, and enjoy responsibility

🌍 Why You’ll Love Working Here

Architect Real Impact

Your decisions will shape a platform used across cities and continents.

High Ownership, No Politics

Small, elite team with real autonomy and zero corporate drag.

Build From First Principles

You’ll help define not just features, but the foundation of the company’s technology.

Performance-Based Rewards

Top-of-market compensation with meaningful upside for exceptional leaders.

Remote-First

Work from anywhere — we care about leverage and outcomes, not hours.

🚫 This Role Is Not for You If

You want a management-heavy role with little hands-on work
You avoid making hard technical decisions
You’re uncomfortable owning systems end-to-end
“Good enough” is acceptable to you",python developer
Senior Frontend Engineer (Complex Data & Dashboards),Dedagroup,"Tunis, Tunis, Tunisia",2026-01-14,https://tn.linkedin.com/jobs/view/senior-frontend-engineer-complex-data-dashboards-at-dedagroup-4355012138?position=27&pageNum=0&refId=vGBzXi8tYQTungcyjZRpBw%3D%3D&trackingId=vLK2aw1PC29%2FTH01ogslww%3D%3D,"We are one of the leading technology groups in Italy. We operate as a Business & Technology Accelerator for companies, financial institutions, and public sector organizations, supporting the evolution of their IT and digital strategies. Through an ecosystem of companies that share values, business strategies, and a common vision, we enable our clients to unlock the full potential of technology, amplifying its positive impact on both the economy and society.

What To Expect

We are looking for a Frontend Architect, not a graphic designer. We need the bridge between complex industrial data and human understanding. If you prefer building logic-heavy dashboards with 10,000-row tables over coding simple landing pages, this role is for you. You will own the client-side architecture and define how our users visualize their financial and operational reality.

As our Senior Frontend Engineer, you will report to the Head of Engineering and lead the UI implementation for our core platform. You will be the guardian of our Design System, ensuring we use professional UI Kits (like Tailwind UI or Ant Design) rather than wasting time reinventing the wheel. Your goal is to build high-performance interfaces that visualize heavy data without lagging.

What You Will Do

You will maintain our library of reusable UI components. You will reject “custom styles” in code reviews to enforce consistency and velocity.
You will choose and manage the technical stack (React/Vue and State Management patterns) to ensure the application remains maintainable as it scales.
You will use libraries like Canvas or D3.js to build difficult data visualizations that represent inventory levels or financial forecasts.
You are responsible for load times and rendering speed. You must ensure the app handles large datasets (e.g., massive tables) without freezing.
You will connect the UI to Backend endpoints, handling loading states and errors gracefully.

What We Expect From You

5+ years of experience in frontend development.
You must be comfortable handling “heavy” applications (dashboards, tables, graphs), not just static websites.
Expert proficiency in Modern JavaScript Frameworks (React or Vue) and State Management (Redux, Pinia, or Context).
Experience with libraries like D3.js, Chart.js, or Canvas.
Proficiency with tools like Tailwind or Bootstrap.
You understand the backend enough to discuss API contracts efficiently with the API team.
Experience implementing existing professional UI Kits (e.g., Tailwind UI) instead of drawing icons from scratch.",python developer
Développeur Sénior Fullstack PHP (H/F),DECADE,"Sfax, Tunisia",2026-02-09,https://tn.linkedin.com/jobs/view/d%C3%A9veloppeur-s%C3%A9nior-fullstack-php-h-f-at-decade-4368012336?position=28&pageNum=0&refId=vGBzXi8tYQTungcyjZRpBw%3D%3D&trackingId=6XwAsAVjXrZAn1dTAZeOzQ%3D%3D,"Pour accompagner la croissance de notre activité avec nos clients actuels et servir de nouveaux clients dans un univers évolutif et dynamique, celui de l'e-commerce, nous devons en permanence étoffer nos équipes, enrichir et élargir le champ de nos compétences.

En tant que développeur PHP, vous serez intégré dans une équipe projet sous la responsabilité d'un chef de projet technique.

Nous Vous Proposons De

Participer à des projets d’intégration de solutions e-commerce, enrichir et faire évoluer ces intégrations pour accompagner les expérimentations e-commerce de nos clients
Bénéficier d’un encadrement expérimenté qui vous permettra de progresser en permanence
Intervenir dans des contextes stratégiques pour nos clients, engagés dans des transformations e-commerce, pour vivre des challenges variés
Développer vos compétences techniques, fonctionnelles, projets, … afin de vous ouvrir à de multiples voies d’évolution et d’orientation de votre carrière

Profil Recherché

DECADE Tunisie souhaite renforcer ses équipes par des développeurs séniors PHP ayant le profil suivant :

Expérience d’au moins 4-5 ans dans le développement web et sensibilité aux enjeux techniques correspondants (performance, sécurité, robustesse, etc.).
Intérêt pour le domaine de l’e-commerce, une expérience dans ce domaine serait un plus
Bonne capacité à appréhender les aspects fonctionnels et techniques des projets
Connaissance des méthodes projet et des bonnes pratiques de travail en équipe (gestion de sources, respect du planning, gestion des priorités, livraisons et suivi de livraisons, …)
Autonomie et capacité à appréhender les évolutions technologiques du web au service des projets e-commerce
Bonne communication en français, à l’oral comme à l’écrit
Formation Bac+5 (école d’ingénieur ou équivalent) ou, à minima, Bac+4 (titulaire d’une Maîtrise)

Rejoindre DECADE C'est Rejoindre

Une entreprise stable avec un projet innovant et ambitieux
Une entreprise qui favorise le management de proximité et l'écoute de tous les collaborateurs
Une entreprise où règne une très bonne ambiance
Une entreprise qui dispose d'un savoir faire technique de haut niveau
Le secteur de l'e-commerce, un secteur très dynamique avec des projets à fort enjeux
Des projets dans lesquels on utilise des technologies innovantes",python developer
Full-stack developer with focus on Angular (Located geographically in EMEA),Acro Companion,Tunisia,2025-10-27,https://tn.linkedin.com/jobs/view/full-stack-developer-with-focus-on-angular-located-geographically-in-emea-at-acro-companion-4332005558?position=29&pageNum=0&refId=vGBzXi8tYQTungcyjZRpBw%3D%3D&trackingId=e%2BOatijvMhmyS9tybCzxLA%3D%3D,"The Role

Role Overview:

As a member of our development team, you'll be instrumental in implementing and analysing features for our Angular-based web application. You will use the cutting-edge versions of Angular (signals, zoneless), NX, google cloud + node, No-SQL + SQL firebase, python for deep learning models for real-time judging and for operational research, …

Location:

Our team is located in different areas of the world (Tunisia, Portugal, Belgium) and works remotely.

We are open to team members located between timezones GMT - 2 => GMT + 4, North Africa & Africa, Middle East, Portugal, Eastern Europe.

Requirements

Ideal Profile:

(!! please do not apply if you don't have 2 years of non-internship experience. We are very sorry but we are not open to early junior profiles)

REQUIRED: Proficiency in Angular and TypeScript. A minimum of 2 years actual professional experience in Angular. Make sure to understand the foundations of Angular. How does Zone.js work? What is the difference between signals and observables? ...
REQUIRED: Professional-level English. Our team communicates in English. Your English doesn't have to be perfect, but you need to be able to discuss with your team members easily.
REQUIRED: Familiarity with HTML, CSS, and responsive design principles
REQUIRED: Excellent problem-solving skills and attention to detail
REQUIRED: Collaboration, openness and willingness to learn in an agile development environment

Bonus Skills

Understanding of Firebase services (Firestore, Authentication, Cloud Messaging, etc.)
Knowledge of serverless architecture (Firebase Cloud Functions)
Experience with version control systems (Git)
Understanding of UX/UI principles
Previous experience with Scrum or other agile methodologies

What's on Offer?

Work within a company with a solid track record of success
Work alongside & learn from best in class talent
Opportunity to make a positive impact",python developer
Développeur Fullstack C# .Net / Angular F/H - SAFRAN ELECTRICAL AND POWER TUNISIA SARL,AEROCONTACT,"Soliman, Nabeul, Tunisia",2026-02-06,https://tn.linkedin.com/jobs/view/d%C3%A9veloppeur-fullstack-c%23-net-angular-f-h-safran-electrical-and-power-tunisia-sarl-at-aerocontact-4367946209?position=30&pageNum=0&refId=vGBzXi8tYQTungcyjZRpBw%3D%3D&trackingId=4JAnEo3I4pZuhh4y9v6uiw%3D%3D,"Safran est un groupe international de haute technologie opérant dans les domaines de l'aéronautique (propulsion, équipements et intérieurs), de l'espace et de la défense. Sa mission : contribuer durablement à un monde plus sûr, où le transport aérien devient toujours plus respectueux de l'environnement, plus confortable et plus accessible. Implanté sur tous les continents, le Groupe emploie 100 000 collaborateurs pour un chiffre d'affaires de 27,3 milliards d'euros en 2024, et occupe, seul ou en partenariat, des positions de premier plan mondial ou européen sur ses marchés. Safran est la 2ème entreprise du secteur aéronautique et défense du classement « World's Best Companies 2024 » du magazine TIME. Safran Electrical & Power est l'un des leaders mondiaux des systèmes électriques aéronautiques. La société est un acteur clé dans le domaine de l'électrification des équipements et de la propulsion électrique et hybride. Elle compte 14 000 collaborateurs répartis dans 13 pays.

Descriptif mission

Vous intégrerez une équipe dynamique et internationale pour contribuer à un projet structurant et stratégique autour du Product Data Management (PDM). Ce projet vise à développer et maintenir une solution logicielle critique caractérisée par sa complexité technique et fonctionnelle. Pourquoi rejoindre ce projet ? Vous participerez au succès d'un programme à fort impact dans une équipe passionnée. Ce poste offre la possibilité de contribuer à une solution stratégique et pérenne. Vous aurez l'opportunité d'effectuer des déplacements sur les sites SEP en France. Responsabilités: Maîtrise approfondie de C# .Net avec Entity Framework Maîtrise d'Angular (typescript, html, css). Capacité d'analyse d'architectures logicielles existantes, force de proposition pour les faire évoluer. Expérience avec les outils DevOps (intégration/déploiement continu, automatisation) avec Azure DevOps ou GitLab et CI/CD. Pratique des méthodes agiles. Rigueur, autonomie et sens de la responsabilité dans un environnement aux enjeux forts. Esprit d'analyse et capacité à aborder des problématiques fonctionnelles et techniques complexes. Aptitude à collaborer avec des équipes pluridisciplinaires et à interagir avec des experts métiers. Bonnes aptitudes à la rédaction de documentation technique et à la transmission de connaissance. Bonne capacités de communication, d'écoute et d'adaptation, notamment dans un contexte multiculturel et international. Proactivité, curiosité technologique et volonté d'amélioration continue.

Compétences techniques requises : Maîtrise approfondie de C# .Net avec Entity Framework Maîtrise d'Angular (typescript, html, css). Capacité d'analyse d'architectures logicielles existantes, force de proposition pour les faire évoluer. C2 - Confidential Expérience avec les outils DevOps (intégration/déploiement continu, automatisation) avec Azure DevOps ou GitLab et CI/CD. Pratique des méthodes agiles. Qualités comportementales et savoir-être : Rigueur, autonomie et sens de la responsabilité dans un environnement aux enjeux forts. Esprit d'analyse et capacité à aborder des problématiques fonctionnelles et techniques complexes. Aptitude à collaborer avec des équipes pluridisciplinaires et à interagir avec des experts métiers. Bonnes aptitudes à la rédaction de documentation technique et à la transmission de connaissances. Excellentes capacités de communication, d'écoute et d'adaptation, notamment dans un contexte multiculturel et international. Proactivité, curiosité technologique et volonté d'amélioration continue.",python developer
Développeur Sénior Fullstack PHP (H/F),DECADE,"Sousse, Sousse, Tunisia",2026-02-06,https://tn.linkedin.com/jobs/view/d%C3%A9veloppeur-s%C3%A9nior-fullstack-php-h-f-at-decade-4367891986?position=31&pageNum=0&refId=vGBzXi8tYQTungcyjZRpBw%3D%3D&trackingId=gOA54bc8QnMv0EZKWSr8Kg%3D%3D,"Pour accompagner la croissance de notre activité avec nos clients actuels et servir de nouveaux clients dans un univers évolutif et dynamique, celui de l'e-commerce, nous devons en permanence étoffer nos équipes, enrichir et élargir le champ de nos compétences.

En tant que développeur PHP, vous serez intégré dans une équipe projet sous la responsabilité d'un chef de projet technique.

Nous Vous Proposons De

Participer à des projets d’intégration de solutions e-commerce, enrichir et faire évoluer ces intégrations pour accompagner les expérimentations e-commerce de nos clients
Bénéficier d’un encadrement expérimenté qui vous permettra de progresser en permanence
Intervenir dans des contextes stratégiques pour nos clients, engagés dans des transformations e-commerce, pour vivre des challenges variés
Développer vos compétences techniques, fonctionnelles, projets, … afin de vous ouvrir à de multiples voies d’évolution et d’orientation de votre carrière

Profil Recherché

DECADE Tunisie souhaite renforcer ses équipes par des développeurs séniors PHP ayant le profil suivant :

Expérience d’au moins 4-5 ans dans le développement web et sensibilité aux enjeux techniques correspondants (performance, sécurité, robustesse, etc.).
Intérêt pour le domaine de l’e-commerce, une expérience dans ce domaine serait un plus
Bonne capacité à appréhender les aspects fonctionnels et techniques des projets
Connaissance des méthodes projet et des bonnes pratiques de travail en équipe (gestion de sources, respect du planning, gestion des priorités, livraisons et suivi de livraisons, …)
Autonomie et capacité à appréhender les évolutions technologiques du web au service des projets e-commerce
Bonne communication en français, à l’oral comme à l’écrit
Formation Bac+5 (école d’ingénieur ou équivalent) ou, à minima, Bac+4 (titulaire d’une Maîtrise)

Rejoindre DECADE C'est Rejoindre

Une entreprise stable avec un projet innovant et ambitieux
Une entreprise qui favorise le management de proximité et l'écoute de tous les collaborateurs
Une entreprise où règne une très bonne ambiance
Une entreprise qui dispose d'un savoir faire technique de haut niveau
Le secteur de l'e-commerce, un secteur très dynamique avec des projets à fort enjeux
Des projets dans lesquels on utilise des technologies innovantes",python developer
Développeur Full Stack Senior (Java JEE / Angular),Sopra HR Software,"Tunis, Tunis, Tunisia",2026-01-02,https://tn.linkedin.com/jobs/view/d%C3%A9veloppeur-full-stack-senior-java-jee-angular-at-sopra-hr-software-4329974557?position=32&pageNum=0&refId=vGBzXi8tYQTungcyjZRpBw%3D%3D&trackingId=EuZq9RIJg6JxqcZ63rqzWw%3D%3D,"Description de l'entreprise

Sopra HR Software, filiale de Sopra Steria, offre des solutions RH complètes parfaitement adaptées aux besoins des Directions des Ressources Humaines et aux organisations de moyennes et grandes tailles, des secteurs public et privé.

Spécialiste du pilotage des RH, de la paie et du talent management dans un contexte local et international, Sopra HR accompagne plus de 950 clients, en mode « on-premise » ou mode cloud.

Partenaire de la réussite de la transformation digitale de ses clients vers la RH 3.0, Sopra HR, acteur global des Ressources Humaines, privilégie la Co-innovation, favorise les enjeux de performance RH et met en avant l’expérience collaborateur.

Description du poste

Mission principale

Participer au développement, à l’évolution et à la maintenance d’applications web robustes et performantes en utilisant les technologies Java JEE côté back-end et Angular côté front-end. Le développeur interviendra sur toutes les phases du projet : conception, développement, tests, déploiement et support.

Responsabilités

Participer à la conception technique des solutions
Développer des fonctionnalités front-end et back-end
Assurer la qualité du code via des tests et des revues
Collaborer avec les équipes produit, QA et DevOps
Maintenir et faire évoluer les applications existantes
Documenter les développements et les architectures

Qualifications

Compétences techniques requises

Back-end (Java JEE)

Maîtrise de Java 8+ et du framework Spring (Boot, MVC, Security, Data)
Connaissance des architectures RESTful et SOAP
Expérience avec JPA / Hibernate
Gestion des bases de données relationnelles (PostgreSQL, MySQL, Oracle)
Outils de build : Maven / Gradle
Tests unitaires et d’intégration : JUnit, Mockito

Front-end (Angular)

Maîtrise d’Angular (version 10+)
Connaissance de TypeScript, HTML5, CSS3, RxJS
Intégration d’API REST
Expérience avec les outils de gestion de dépendances (npm, yarn)
Tests front-end : Jasmine, Karma

DevOps & Outils

Git / GitLab / GitHub
CI/CD : Jenkins, GitLab CI
Docker / Kubernetes (un plus)
Méthodologies Agile / Scrum

Profil recherché

Formation Bac+5 en informatique ou équivalent
Expérience significative en développement full stack
Capacité à travailler en autonomie et en équipe
Bonnes compétences en communication
Esprit d’analyse et de résolution de problèmes
Curiosité technologique et volonté d’apprendre",python developer
Golang Full Stack Developer,Dedagroup,"Tunis, Tunis, Tunisia",2026-01-27,https://tn.linkedin.com/jobs/view/golang-full-stack-developer-at-dedagroup-4366010839?position=33&pageNum=0&refId=vGBzXi8tYQTungcyjZRpBw%3D%3D&trackingId=sJMlRVV3%2FQd2at4xL6dshw%3D%3D,"We are one of the leading technology groups in Italy. We operate as a Business & Technology Accelerator for companies, financial institutions, and public sector organizations, supporting the evolution of their IT and digital strategies. Through an ecosystem of companies that share values, business strategies, and a common vision, we enable our clients to unlock the full potential of technology, amplifying its positive impact on both the economy and society.

What To Expect

We are a leading cyber security consultancy and Continuous Controls Monitoring (CCM) provider dedicated to helping organisations protect their digital assets and infrastructure. Our innovative solutions, expert consultancy and bespoke CCM services are designed to meet the unique security needs of businesses across various industries.

The role provides a fundamental part of the Quod Orbis team.

As a Developer at our company, you will be involved in the full software development lifecycle, from concept and design to testing and deployment. You will work closely with our team of developers, product managers, and cyber security experts to create high-quality, scalable, and secure SaaS solutions. The Developer will have a strong background in software development, with a passion for technology and a keen interest in cyber security.

What You Will Do

Drive the technical implementation of the move from single-tenant to multi-tenant architecture.
Work closely with the Head of Platform to plan, design, and execute the migration strategy.
Develop tenant-aware backend services and APIs in Go.
Support data migration, including schema changes, backfills, and transition from existing environments.
Implement and test tenant isolation, access control, and configuration management.
Update frontend components and routing to support tenant context where needed.
Improve database performance, partitioning, and query efficiency for multi-tenant systems.
Enhance observability, logging, and monitoring with tenant-level visibility.
Collaborate with DevOps to achieve zero-downtime releases and safe rollouts.
Mentor backend developers and promote best practices across the team (SAST/DAST).

What We Expect From You

Contact with others (face-to-face, by telephone or otherwise, including visits to other sites)
Attention to detail and a high level of accuracy
6+ years of backend development experience.
Bachelor’s degree in Computer Science, Information Technology, or a related field. A Master’s degree or relevant certifications are a desirable but not mandatory.
Strong Go development experience, ideally in distributed or high-scale systems.
Solid frontend experience.
Proven experience with multi-tenant system design or migration projects.
Deep understanding of tenancy models; database per tenant, schema per tenant, or shared schema and the trade-offs of each.
Skilled in data modelling, schema partitioning, and tenant-aware querying.
Experience implementing tenant-based authentication, authorisation, and RBAC.
Experience in migrating legacy applications or environments into shared, multi-tenant platforms.
Comfortable working with relational databases (PostgreSQL, MariaDB, or MySQL).
Strong collaboration and communication skills — able to partner with backend, frontend, and DevOps teams effectively.

What We Offer You

A leadership role at the helm of a dynamic and innovative cyber security SaaS company.
The opportunity to shape the future of cyber security through cutting-edge technology and services.
Competitive compensation package.
A collaborative and supportive culture that values innovation, integrity, and inclusivity",python developer
Senior Full Stack Java Developer,Vneuron Risk & Compliance,"Tunis, Tunisia",2025-11-21,https://tn.linkedin.com/jobs/view/senior-full-stack-java-developer-at-vneuron-risk-compliance-4323546050?position=34&pageNum=0&refId=vGBzXi8tYQTungcyjZRpBw%3D%3D&trackingId=eZgWEGVUgSZKU7djO0EVYA%3D%3D,"Sign, build, and enhance software with clean, modern Java practices. Drive new features, maintain and evolve systems, contribute to continuous improvement, document effectively, stay tech-aware, and innovate without pointless meetings or customer handling.

About Vneuron And Reis RCS

Vneuron is a leading RegTech company at the forefront of transforming financial crime compliance. Our advanced solution, Reis RCS, streamlines risk management, enhances AML and sanctions screening, and ensures regulatory compliance through real-time monitoring, AI-powered risk detection, and seamless case management.

In 2025, Vneuron earned recognition as one of the Top Innovators in the FinCrimeTech50, was awarded Best Compliance as a Service Solution award at the RegTech Insight Awards Europe, and was named to the AIFinTech100 2025 list. For the fourth consecutive year, we’ve been honored in the RegTech100, a global list of the most innovative companies in the industry.

At Vneuron, we’re shaping the future of compliance and financial crime prevention. Join us in making a real impact in the world of RegTech.

Our Culture & Values

Vneuron puts the development of its team at the heart of its priorities. We provide a pleasant and comfortable work environment. Our organizational structure is flat and collaborative, and our management is available and present.

We invite you to be part of a passionate and committed young team who values respect and sharing spirit. You will be surrounded by highly skilled technical and functional experts willing to guide you to evolve in all aspects of your career.

We believe that every person is unique and special. Thus, we provide attentive and active listening to your ideas and propositions as we believe that you will have an essential role in achieving our next milestone and shaping the future of Vneurons value proposition.

Key Responsibilities

Design and develop new software functionalities (research, design, architecture, integration)
Contribute to technical and architectural decisions
Ensure high code quality and adherence to modern development best practices
Perform corrective and evolutionary maintenance
Produce clear and structured technical documentation
Monitor technology trends and propose improvements
Contribute to the continuous improvement of development processes and tools
Collaborate effectively within Agile teams


Profile & Requirements

Engineering degree in Computer Science or equivalent
Significant experience in software development, ideally in software publishing or large-scale systems
Strong problem-solving skills and ability to handle complex technical challenges
Excellent command of algorithms, data structures, and software architecture
Strong expertise in Spring Boot, Spring Batch, Spring Integration, Spring Security, Hibernate/JPA, and Angular
Solid knowledge of Elasticsearch and PostgreSQL
Comfortable using AI tools to enhance development workflows, including code assistance, refactoring, testing, documentation, performance analysis, and productivity optimization
Comfortable working in Agile environments
Strong communication skills with the ability to clearly explain technical concepts and decisions
Proactive, autonomous, and quality-driven mindset


What do we offer?

The opportunity to work in exciting contexts and to help generate a positive impact around the world.
Healthcare and wellness Benefits to you and your family
An evolving and pleasant environment that challenges you to develop new skills
Appropriate conditions to help you focus on what you love doing
A winning team that has relied on Respect, Sharing, and Passion for what it does
Equal Employment Opportunities no matter your gender, religious, culture, etc


Your Next Steps

If you have the ambition to stimulate your career with new challenges while capitalizing on your potential and your perpetual thirst for learning, this job is for you.

Apply Now and become the next Spark!

Follow us on LinkedIn to learn more about the Spark team and our Spark solutions.

We would be delighted to meet you and give you much more information!",python developer
Senior Frontend Developer,Oolab,"Tunis, Tunisia",2026-02-03,https://tn.linkedin.com/jobs/view/senior-frontend-developer-at-oolab-4368639071?position=35&pageNum=0&refId=vGBzXi8tYQTungcyjZRpBw%3D%3D&trackingId=slQfA4brqr6LjLfDoN1sGg%3D%3D,"OoLab est la filiale Tunisienne du groupe Français Oodrive.

Oodrive est la première suite collaborative européenne de confiance fondée en 2002, qui permet à plus d'1 million de personnes de fluidifier leur activité tout en protégeant leurs données sensibles tout en étant l’unique éditeur SaaS qualifié SecNumCloud depuis 2019.

Nous travaillons avec plus de 3500 clients, dont 80% du CAC 40, et nous proposons une suite collaborative avec ces 3 solutions principales :
Oodrive Work : une solution de partage et stockage,
Oodrive Sign : une solution de signature électronique
Oodrive Meet : une solution de dématérialisation de vos réunions de gouvernance

Pour mieux nous connaitre, on vous invite à :
Visiter notre page LinkedIn Oolab
Consulter notre site : Oodrive.com

Ce que vous allez faire au quotidien :
En tant que Senior Frontend Developer, vous travaillerez sur l'une de nos solutions collaboratives. Vous intégrerez une équipe d'une dizaine d'ingénieur.e.s (Back, Front, QA).

Votre rôle au sein de cette équipe :
Développement : Vous participerez au développement de nouvelles fonctionnalités, à la maintenance de l’application et à l’amélioration continue de l’architecture front afin de garantir une expérience utilisateur optimale. En collaboration avec l’ensemble de l’équipe Front, juniors comme seniors, vous contribuerez également à faire évoluer le code existant pour en augmenter la qualité, la testabilité et la performance, en cohérence avec les requirements Back.
Participation à la Communauté : Chez Oodrive on a des Communautés de Pratiques qui réunissent les passionnés autour de certaines thématiques transverses. On a également mis en place des Coding Dojos (Workshops internes avec des experts) et des R&Days (Conférences sur des sujets techniques qui animent la communauté). En participant à ces initiatives, vous deviendrez un acteur de votre progression et de celle de la communauté.
Interactions en interne : Vous échangez avec l’équipe produit pour prioriser les développements, avec l’équipe Back pour travailler autour des APIs, les QA pour développer et optimiser les tests ainsi qu’avec les autres équipes Front pour partager autour des améliorations, des bonnes pratiques et des dernières technos.

Méthodes et outils :
Angular, Gitlab, Matrix, JIRA, Confluence.

Comment vous ferez la différence :

Expertise technique :
Vous avez une forte expérience avec Angular ( 6 ans et plus ).
Vous avez une expérience solide avec les design systems, les librairies partagées Angular, et les architectures modulaires.
Vous appliquez les bonnes pratiques de Clean Architecture et vous savez structurer un front complexe de manière pérenne.
Vous maîtrisez les tests unitaires et intégration côté front.

Legacy : Autonome et rigoureux·se, avec une excellente capacité d’analyse, vous savez intervenir sur une codebase existante, l’améliorer progressivement et la moderniser lorsque cela a du sens.
Agilité : Dans nos équipes, on est dans une démarche de développement et de professionnalisation de nos pratiques agiles. Vous êtes sensible à ces approches et force de proposition pour améliorer les processus, les rituels et la qualité globale du delivery.

Nos avantages :
Avantages sociaux : Carte repas, Primes, Assurance maladie,
Conventions : Banque, salle de sport et agence de voyage.
Flexibilité : Planning hybride après la validation de la période d'essai.
Congés payés : Maladie, Maternité et d'autres offerts par la société

Notre process de recrutement :
Echange RH dans nos locaux
Echange technique & pair programming avec l'équipe",python developer
Développeur Sénior Fullstack PHP (H/F),DECADE,"Monastir, Tunisia",2026-02-06,https://tn.linkedin.com/jobs/view/d%C3%A9veloppeur-s%C3%A9nior-fullstack-php-h-f-at-decade-4368014321?position=36&pageNum=0&refId=vGBzXi8tYQTungcyjZRpBw%3D%3D&trackingId=%2FHlGHA%2BkU1NChZYcfVLD3Q%3D%3D,"Pour accompagner la croissance de notre activité avec nos clients actuels et servir de nouveaux clients dans un univers évolutif et dynamique, celui de l'e-commerce, nous devons en permanence étoffer nos équipes, enrichir et élargir le champ de nos compétences.

En tant que développeur PHP, vous serez intégré dans une équipe projet sous la responsabilité d'un chef de projet technique.

Nous Vous Proposons De

Participer à des projets d’intégration de solutions e-commerce, enrichir et faire évoluer ces intégrations pour accompagner les expérimentations e-commerce de nos clients
Bénéficier d’un encadrement expérimenté qui vous permettra de progresser en permanence
Intervenir dans des contextes stratégiques pour nos clients, engagés dans des transformations e-commerce, pour vivre des challenges variés
Développer vos compétences techniques, fonctionnelles, projets, … afin de vous ouvrir à de multiples voies d’évolution et d’orientation de votre carrière

Profil Recherché

DECADE Tunisie souhaite renforcer ses équipes par des développeurs séniors PHP ayant le profil suivant :

Expérience d’au moins 4-5 ans dans le développement web et sensibilité aux enjeux techniques correspondants (performance, sécurité, robustesse, etc.).
Intérêt pour le domaine de l’e-commerce, une expérience dans ce domaine serait un plus
Bonne capacité à appréhender les aspects fonctionnels et techniques des projets
Connaissance des méthodes projet et des bonnes pratiques de travail en équipe (gestion de sources, respect du planning, gestion des priorités, livraisons et suivi de livraisons, …)
Autonomie et capacité à appréhender les évolutions technologiques du web au service des projets e-commerce
Bonne communication en français, à l’oral comme à l’écrit
Formation Bac+5 (école d’ingénieur ou équivalent) ou, à minima, Bac+4 (titulaire d’une Maîtrise)

Rejoindre DECADE C'est Rejoindre

Une entreprise stable avec un projet innovant et ambitieux
Une entreprise qui favorise le management de proximité et l'écoute de tous les collaborateurs
Une entreprise où règne une très bonne ambiance
Une entreprise qui dispose d'un savoir faire technique de haut niveau
Le secteur de l'e-commerce, un secteur très dynamique avec des projets à fort enjeux
Des projets dans lesquels on utilise des technologies innovantes",python developer
Développeur Sénior Fullstack PHP (H/F),DECADE,Sousse Metropolitan Area,2026-02-06,https://tn.linkedin.com/jobs/view/d%C3%A9veloppeur-s%C3%A9nior-fullstack-php-h-f-at-decade-4368004906?position=37&pageNum=0&refId=vGBzXi8tYQTungcyjZRpBw%3D%3D&trackingId=2qjQ3bZw3K%2Ba2tDzxnNAxg%3D%3D,"Pour accompagner la croissance de notre activité avec nos clients actuels et servir de nouveaux clients dans un univers évolutif et dynamique, celui de l'e-commerce, nous devons en permanence étoffer nos équipes, enrichir et élargir le champ de nos compétences.

En tant que développeur PHP, vous serez intégré dans une équipe projet sous la responsabilité d'un chef de projet technique.

Nous Vous Proposons De

Participer à des projets d’intégration de solutions e-commerce, enrichir et faire évoluer ces intégrations pour accompagner les expérimentations e-commerce de nos clients
Bénéficier d’un encadrement expérimenté qui vous permettra de progresser en permanence
Intervenir dans des contextes stratégiques pour nos clients, engagés dans des transformations e-commerce, pour vivre des challenges variés
Développer vos compétences techniques, fonctionnelles, projets, … afin de vous ouvrir à de multiples voies d’évolution et d’orientation de votre carrière

Profil Recherché

DECADE Tunisie souhaite renforcer ses équipes par des développeurs séniors PHP ayant le profil suivant :

Expérience d’au moins 4-5 ans dans le développement web et sensibilité aux enjeux techniques correspondants (performance, sécurité, robustesse, etc.).
Intérêt pour le domaine de l’e-commerce, une expérience dans ce domaine serait un plus
Bonne capacité à appréhender les aspects fonctionnels et techniques des projets
Connaissance des méthodes projet et des bonnes pratiques de travail en équipe (gestion de sources, respect du planning, gestion des priorités, livraisons et suivi de livraisons, …)
Autonomie et capacité à appréhender les évolutions technologiques du web au service des projets e-commerce
Bonne communication en français, à l’oral comme à l’écrit
Formation Bac+5 (école d’ingénieur ou équivalent) ou, à minima, Bac+4 (titulaire d’une Maîtrise)

Rejoindre DECADE C'est Rejoindre

Une entreprise stable avec un projet innovant et ambitieux
Une entreprise qui favorise le management de proximité et l'écoute de tous les collaborateurs
Une entreprise où règne une très bonne ambiance
Une entreprise qui dispose d'un savoir faire technique de haut niveau
Le secteur de l'e-commerce, un secteur très dynamique avec des projets à fort enjeux
Des projets dans lesquels on utilise des technologies innovantes",python developer
Développeur Full Stack Senior (Java JEE / Angular),Sopra Steria,"Tunis, Tunis, Tunisia",2026-02-04,https://tn.linkedin.com/jobs/view/d%C3%A9veloppeur-full-stack-senior-java-jee-angular-at-sopra-steria-4369093654?position=38&pageNum=0&refId=vGBzXi8tYQTungcyjZRpBw%3D%3D&trackingId=Gb%2BD7fG92afj2hRfSnlPhg%3D%3D,"Description De L'entreprise

Sopra HR Software, filiale de Sopra Steria, offre des solutions RH complètes parfaitement adaptées aux besoins des Directions des Ressources Humaines et aux organisations de moyennes et grandes tailles, des secteurs public et privé.

Spécialiste du pilotage des RH, de la paie et du talent management dans un contexte local et international, Sopra HR accompagne plus de 950 clients, en mode « on-premise » ou mode cloud.

Partenaire de la réussite de la transformation digitale de ses clients vers la RH 3.0, Sopra HR, acteur global des Ressources Humaines, privilégie la Co-innovation, favorise les enjeux de performance RH et met en avant l’expérience collaborateur.

Description Du Poste

Mission principale

Participer au développement, à l’évolution et à la maintenance d’applications web robustes et performantes en utilisant les technologies Java JEE côté back-end et Angular côté front-end. Le développeur interviendra sur toutes les phases du projet : conception, développement, tests, déploiement et support.

Responsabilités

Participer à la conception technique des solutions
Développer des fonctionnalités front-end et back-end
Assurer la qualité du code via des tests et des revues
Collaborer avec les équipes produit, QA et DevOps
Maintenir et faire évoluer les applications existantes
Documenter les développements et les architectures

Qualifications

Compétences techniques requises

Back-end (Java JEE)

Maîtrise de Java 8+ et du framework Spring (Boot, MVC, Security, Data)
Connaissance des architectures RESTful et SOAP
Expérience avec JPA / Hibernate
Gestion des bases de données relationnelles (PostgreSQL, MySQL, Oracle)
Outils de build : Maven / Gradle
Tests unitaires et d’intégration : JUnit, Mockito

Front-end (Angular)

Maîtrise d’Angular (version 10+)
Connaissance de TypeScript, HTML5, CSS3, RxJS
Intégration d’API REST
Expérience avec les outils de gestion de dépendances (npm, yarn)
Tests front-end : Jasmine, Karma

DevOps & Outils

Git / GitLab / GitHub
CI/CD : Jenkins, GitLab CI
Docker / Kubernetes (un plus)
Méthodologies Agile / Scrum

Profil recherché

Formation Bac+5 en informatique ou équivalent
Expérience significative en développement full stack
Capacité à travailler en autonomie et en équipe
Bonnes compétences en communication
Esprit d’analyse et de résolution de problèmes
Curiosité technologique et volonté d’apprendre",python developer
Senior Backend Engineer (Security & FinTech),Dedagroup,"Tunis, Tunis, Tunisia",2026-01-14,https://tn.linkedin.com/jobs/view/senior-backend-engineer-security-fintech-at-dedagroup-4355051877?position=39&pageNum=0&refId=vGBzXi8tYQTungcyjZRpBw%3D%3D&trackingId=if6CWHdcDJ2Rdp9cjNP%2Ftg%3D%3D,"We are one of the leading technology groups in Italy. We operate as a Business & Technology Accelerator for companies, financial institutions, and public sector organizations, supporting the evolution of their IT and digital strategies. Through an ecosystem of companies that share values, business strategies, and a common vision, we enable our clients to unlock the full potential of technology, amplifying its positive impact on both the economy and society.

What To Expect

We are looking for a “Security Champion” to join our Product Engineering team. If you are a “FinTech Survivor” who loves strict code reviews and “Zero Trust” environments but is tired of the slow pace of traditional banking, this role is for you. You won’t just be patching vulnerabilities; you will design the secure architecture that protects our customers’ most sensitive financial data.

As a Senior Backend Engineer, you will act as the “Anchor” for our FinTech domain. You will own the server-side logic with a specific mandate: ensure our system is secure by design. You will build the “secure pipes” that deliver data to our AI models, ensuring compliance with federal audits (SOC2, GLBA) without slowing down innovation.

What You Will Do

You will design systems where no component trusts another by default, defining strict encryption standards (at rest/in transit) and enforcing data segregation between tenants.
You will write code that mitigates OWASP Top 10 risks (SQLi, XSS) by design, rather than fixing them after the fact.
You will implement robust Authentication and fine-grained Authorization mechanisms using protocols like OAuth2, OIDC, and RBAC/ABAC.
You are responsible for building immutable logging systems where every API call and database access is traced and searchable to satisfy federal audits.
You will build data anonymization pipelines that strip PII from banking data before it reaches our Data Scientists, ensuring they can work safely.
You will proactively update dependencies and refactor code based on security scanning results (SAST/DAST).

What We Expect From You

5+ years of experience in backend development.
A strong track record in regulated industries (FinTech, HealthTech, Insurance) or cybersecurity engineering.
Proficiency in designing Microservices, Event-Driven architectures, or Modular Monoliths.
Expert skills in API Design (REST, GraphQL, gRPC) and Testing Frameworks.
Deep knowledge of Application Security (OWASP Top 10), Cryptography standards, and Identity Protocols (OAuth2, OIDC, SAML).
Someone used to strict code reviews and handling PII, but looking for a faster startup environment.
A developer who naturally gravitates towards security tickets and always spots the XSS vulnerability in code reviews.
Experience building audit trails for SOC2 or GDPR.",python developer
Développeur Full stack Symfony Angular,CBTW IT & Technology / Positive Thinking Company,"Tunis, Tunisia",2026-02-04,https://tn.linkedin.com/jobs/view/d%C3%A9veloppeur-full-stack-symfony-angular-at-cbtw-it-technology-positive-thinking-company-4369071466?position=40&pageNum=0&refId=vGBzXi8tYQTungcyjZRpBw%3D%3D&trackingId=TQKBKAPwXYved%2FYO94sCiw%3D%3D,"Chez Collaboration Betters The World, entreprise mondiale de conseil en technologie, la collaboration est la pierre angulaire de l’innovation et du succès, et le fondement de tout ce que nous mettons en œuvre.
Notre mission : transformer les entreprises et les communautés pour un monde meilleur.
Présents dans plus de 20 pays et 35 villes, nous allions une expertise mondiale avec une compréhension locale des enjeux de nos clients.
Au sein de la Service Line ""Software Engineering"", nous fournissons des solutions innovantes conçues pour répondre à des besoins en constante évolution. Nous sommes spécialisés dans les solutions Web et Mobiles, Entreprise et E-Commerce, DevOps et Test. Ces pratiques se concentrent sur les produits et permettent d’accélérer leurs commercialisations sur le marché ainsi que la croissance de nos clients.

En tant que Développeur Full stack Symfony Angular, tu contribueras à la maintenance, au support et à l’évolution d’une application web.

Client
Notre client est un acteur majeur dans la fabrication, la distribution et la vente au détail d’articles de luxe.

Mission :
L’application web gère le suivi des demandes de travaux dans les points de vente. Tu seras chargé d’assurer son bon fonctionnement, ses mises à jour et son évolution, ainsi que le support aux utilisateurs.

Environnement technique :
Front-end: Angular 17
Back-end: PHP 7.x / 8.x, Symfony
Infrastructure : Docker (Linux), pipelines CI/CD GitLab
Déploiement : AWS
Authentification : Active Directory, Cognito, EntraID
Application : Multilingue (gestion des fichiers de traduction), accessible sur web, iOS et Android
Évolutions techniques : Montées de versions régulières des frameworks pour limiter la dette technique

Responsabilités
Maintenance corrective : Identifier et corriger les anomalies, réaliser les tests unitaires, d’intégration et de non-régression, documenter chaque modification (anomalie, travaux réalisés, tests, charge)
Maintenance préventive : Anticiper les impacts potentiels des correctifs, adapter l’application pour éviter tout dysfonctionnement, valider les correctifs via tests et déploiements
Support fonctionnel et technique : Assister les utilisateurs dans l’utilisation de l’application, accompagner sur le paramétrage et les interfaces, participer aux mises en production
Maintenance évolutive : Contribuer à l’évolution de l’application selon les besoins du client, améliorer l’ergonomie et les composants graphiques, mettre à jour les fichiers de traduction

Profil recherché
Formation : Bac +5 (Master, École d’ingénieur ou équivalent)
Expérience : Minimum 5 ans sur un poste similaire
Compétences techniques : Angular 17, PHP 7.x/8.x, Symfony, CI/CD GitLab, Docker sur Linux
Compétences appréciées : AWS, systèmes d’authentification AD, Cognito, EntraID, compétences UX/UI pour maintenance et amélioration des composants graphiques
Compétences personnelles : Autonomie, rigueur, capacité à documenter et communiquer efficacement
Langues : Français et anglais courant


Ce que nous te proposons :
Collaborer au sein d'une entreprise internationale dynamique et ouverte d'esprit où tes idées sont entendues et valorisées ;
Accéder à des perspectives d’évolution professionnelle tout au long de ta carrière via des formations et des certifications ;
Bénéficier d'un suivi de carrière sur mesure avec ton référent RH et des points réguliers avec ton Business Manager lors de tes missions ;
Intégrer des communautés te permettant de partager des centres d'intérêts communs ou expertises techniques ;
Créer du lien avec des collaborateurs passionnés à travers différents évènements internes (afterworks, soirées annuelles, séminaires, …).",python developer
Développeur Senior FullStack JS ( Vue/React/Node),Devoteam,"Tunis, Tunis, Tunisia",2026-02-06,https://tn.linkedin.com/jobs/view/d%C3%A9veloppeur-senior-fullstack-js-vue-react-node-at-devoteam-4297838152?position=41&pageNum=0&refId=vGBzXi8tYQTungcyjZRpBw%3D%3D&trackingId=JxHl4sDO42etJnShRf%2Fq7Q%3D%3D,"Devoteam est un leader international du conseil dans la stratégie digitale, sur les plateformes technologiques, la cybersécurité et la transformation numérique des entreprises depuis 30 ans.

Devoteam Tunisie, filiale de Devoteam Group, est génératrice de valeur depuis plus de 15 années. Travaillant à la fois à l'échelle africaine et internationale, notre équipe compte plus de 150 consultant(e)s pluridisciplinaires doté(e)s de compétences variées (consultants en transformation digitale, développeurs, chefs de projets, experts en data et cybersécurité) travaillant sur des projets enrichissants et innovants.

Description Du Poste

Mission:

Le(a) Consultant(e) aura pour mission de concevoir, développer et maintenir des applications web et mobiles performantes et robustes en utilisant des technologies fullstack, en collaboration étroite avec les équipes de développement et de produit.

Expertise approfondie en React et son écosystème (Redux, React Query, Hooks) ou Vue JS
Maîtrise de JavaScript pour le développement d'applications web robustes et maintenables
Expérience significative avec NodeJS et Express pour le développement backend
Solides compétences en SQL et gestion de bases de données relationnelles
Maîtrise des concepts de Design System et sensibilité UI/UX
Compétences approfondies en Google Cloud Platform (GCP) pour la gestion et le déploiement d'applications
Expérience avec les outils de CI/CD pour l'automatisation des déploiements
Maîtrise de Docker pour la conteneurisation des applications
Connaissance de BigQuery et BigTable pour l'analyse de données à grande échelle
Capacité à travailler de manière autonome et à prendre des initiatives
Excellence en revue de code et documentation technique
Esprit d'analyse et d'amélioration continue pour l'optimisation des performances
Maîtrise des méthodologies agiles (Scrum, Sprint Planning, Backlog)


Qualifications

Diplômé(e) d’un Bac+5 en école d'ingénieur ou équivalent universitaire avec une spécialisation
en informatique, ou justifiant d'une expérience significative équivalente
Minimum 7 ans d'expérience en VueJS ou React (React Native ou React.js) et Node JS
Une expérience dans le secteur du commerce de détail ou de la grande distribution serait un plus.


Informations supplémentaires

Envie de valoriser votre expertise, de développer vos compétences dans un environnement en perpétuelle évolution et de booster votre carrière ? Rejoignez la tribu !",python developer
