title,company,location,date,job_link,description
Data Analyst (Excel),Jumpit Srl,"Brugherio, Lombardy, Italy",2026-02-09,https://it.linkedin.com/jobs/view/data-analyst-excel-at-jumpit-srl-4361873254?position=1&pageNum=0&refId=b7rzz70eEHzYLWgPNo6b6g%3D%3D&trackingId=5qwX%2Bzvfo0bgpbJ%2F9RAG3w%3D%3D,Description not available
Data Analyst,Holding Moda,Greater Turin Metropolitan Area,2026-02-10,https://it.linkedin.com/jobs/view/data-analyst-at-holding-moda-4363005437?position=2&pageNum=0&refId=b7rzz70eEHzYLWgPNo6b6g%3D%3D&trackingId=diR6pcYty%2B92UjavBcY9hQ%3D%3D,Description not available
Data Analyst,ADENTIS Italia,"Milan, Lombardy, Italy",2026-02-10,https://it.linkedin.com/jobs/view/data-analyst-at-adentis-italia-4370655750?position=3&pageNum=0&refId=b7rzz70eEHzYLWgPNo6b6g%3D%3D&trackingId=vnlJmu24DE%2BQuvwwNU7yRQ%3D%3D,Description not available
Data Analyst,TNP Italia,"Milan, Lombardy, Italy",2026-02-10,https://it.linkedin.com/jobs/view/data-analyst-at-tnp-italia-4362276287?position=4&pageNum=0&refId=b7rzz70eEHzYLWgPNo6b6g%3D%3D&trackingId=oJiK8zCbZzZRnSiWaEuUdg%3D%3D,Description not available
Analista dati,Cinetix Group,"Rome, Latium, Italy",2026-02-09,https://it.linkedin.com/jobs/view/analista-dati-at-cinetix-group-4361797860?position=5&pageNum=0&refId=b7rzz70eEHzYLWgPNo6b6g%3D%3D&trackingId=7s5WpQbq6YolOdzffCm60w%3D%3D,Description not available
Internship Business Intelligence,CRIBIS,"Milan, Lombardy, Italy",2026-02-09,https://it.linkedin.com/jobs/view/internship-business-intelligence-at-cribis-4361797678?position=6&pageNum=0&refId=b7rzz70eEHzYLWgPNo6b6g%3D%3D&trackingId=iPY%2BurmO00H41bv2hlXnTA%3D%3D,Description not available
Data Analyst (Smartphone Industry),Xiaomi Technology,"Milan, Lombardy, Italy",2026-01-26,https://it.linkedin.com/jobs/view/data-analyst-smartphone-industry-at-xiaomi-technology-4359124844?position=7&pageNum=0&refId=b7rzz70eEHzYLWgPNo6b6g%3D%3D&trackingId=q%2Fj%2BIeet0C3lKG2K0bLuTQ%3D%3D,Description not available
Junior Data Analyst,SIAE,"Rome, Latium, Italy",2026-01-20,https://it.linkedin.com/jobs/view/junior-data-analyst-at-siae-4361960399?position=8&pageNum=0&refId=b7rzz70eEHzYLWgPNo6b6g%3D%3D&trackingId=Szer%2F1pbaBxaTpht1Pkxig%3D%3D,Description not available
SENIOR BUSINESS & DATA ANALYST,Grafton Recruitment,"Milan, Lombardy, Italy",2026-02-09,https://it.linkedin.com/jobs/view/senior-business-data-analyst-at-grafton-recruitment-4362231860?position=9&pageNum=0&refId=b7rzz70eEHzYLWgPNo6b6g%3D%3D&trackingId=jkSIbdUBZ63Hi8tYvH6SaA%3D%3D,"Il team Technology & Innovation di Grafton, brand globale che si occupa di Professional Recruitment, ricerca per azienda italiana leader nella micromobilità

SENIOR BUSINESS & DATA ANALYST
Il Senior Business Analyst ricoprirà un ruolo al 70% sul Business, al 30% sul dato e lavorerà su due aree fondamentali:

Clienti e app:
Analisi del comportamento utenti, funnel di utilizzo, retention, pricing e campagne CRM, con l’obiettivo di aumentare la fidelizzazione e migliorare la customer experience.

Operations e flotta
Monitoraggio e ottimizzazione dei KPI legati a disponibilità mezzi, utilizzo, costi di manutenzione e performance operative (es. lock/unlock success rate), per individuare inefficienze e supportare decisioni rapide e data-driven.

Apprezzata la competenza su: Tableau
Sede: Milano

Si Offre
Inserimento tramite contratto a tempo indeterminato
Lavoro in modalità ibrida
Buoni pasto e altri benefit aziendali.
Un ambiente dinamico, internazionale e data-driven.
Autonomia decisionale e possibilità di crescita professionale.

Grafton è il brand globale che si occupa di Professional Recruitment di Gi Group Holding, la prima multinazionale italiana del lavoro e una tra le principali realtà che offrono servizi e consulenza HR a livello globale. L’offerta si intende rivolta a candidati ambosessi, nel rispetto del D.Lgs. n. 198/2006 e ss.mm.ii. e dei Decreti Legislativi n. 215 e n. 216 del 2003 sulle parità di trattamento.
I candidati sono invitati a leggere l’informativa privacy ai sensi degli artt. 13 e 14 del Reg. EU 679/2016 al seguente indirizzo https://it.grafton.com/it/privacy-candidati (Aut. Min. del 15/04/2014 Prot. N: 39/4903)"
Data Analyst (0 Experience Required),Peroptyx,Italy,2026-02-12,https://it.linkedin.com/jobs/view/data-analyst-0-experience-required-at-peroptyx-4370355816?position=10&pageNum=0&refId=b7rzz70eEHzYLWgPNo6b6g%3D%3D&trackingId=HPEHLIgROKzcTR0IP7oCCg%3D%3D,Description not available
Thecnical Data Analyst Distribuzione Gas,Gi Group,"Reggio Emilia, Emilia-Romagna, Italy",2026-02-10,https://it.linkedin.com/jobs/view/thecnical-data-analyst-distribuzione-gas-at-gi-group-4361828903?position=11&pageNum=0&refId=b7rzz70eEHzYLWgPNo6b6g%3D%3D&trackingId=NCMq1ULuVcXL3YMPZPgofQ%3D%3D,"Gi Group, prima Agenzia per il Lavoro Italiana con oltre 200 filiali sul territorio nazionale e più di 1800 professionisti nel settore delle Risorse Umane RICERCA per il Gruppo Iren, leader in Italia nel settore multiutility, un/a:
Thecnical Data Analyst Distribuzione Gas

La risorsa ricercata sarà inserita in Ireti Gas, Società del Gruppo Iren di distribuzione del gas e si occuperà principalmente delle seguenti attività:
• mantenimento e adeguamento del sistema di gestione aziendale (ISO 9001, ISO 14001, ISO 45001) in conformità agli obbiettivi aziendali ed alla normativa di riferimento per il settore distribuzione gas;
• gestione, monitoraggio e supervisione di tutti gli adempimenti ambientali relativi al processo di distribuzione del gas nel rispetto della normativa vigente e delle procedure aziendali e di Gruppo;
• supporto alle Funzioni di Linea per il presidio degli aspetti legati alla corretta gestione dei rifiuti (classificazione rifiuti, preparazione richieste per ritiro e invio a recupero/riciclo/smaltimento ecc.) nel rispetto della normativa vigente e delle procedure aziendali e di Gruppo;
• predisposizione dei dati e relativa trasmissione all'Ente ARERA (Dichiarazioni relative al servizio di distribuzione del gas naturale);
• Partecipazione attiva e supporto per l'attuazione delle delibere ARERA in collaborazione con le altre funzioni competenti a livello di Gruppo;
• Partecipazione attiva nel presidio dell'evoluzione e della diffusione della normativa tecnica per le tematiche di competenza;
• Collaborazione con le strutture nell'impostazione di progetti di sviluppo e innovazione tecnologica relativi al processo di distribuzione del gas;
• Svolgimento di sopralluoghi in campo, insieme ai responsabili di funzione, ai fini del corretto svolgimento delle attività sopra elencate.
Requisiti:
· Laurea ad indirizzo tecnico, preferibilmente in ingegneria
· Esperienza in attività riguardanti analisi di dati tecnici e studio di normativa tecnica
· Conoscenza approfondita del pacchetto Office ed in particolare di Excel
· Patente B

Costituiscono requisiti preferenziali:
· Capacità ed esperienze maturate in ruoli assimilabili alle attività da svolgere
· Conoscenza delle principali normative ARERA/CIG e delle realtà Utilities
Sede di lavoro: Reggio Emilia
Tipologia di assunzione: Contratto a tempo indeterminato, Inquadramento e retribuzione commisurati all’esperienza.
Facciamo parte di Gi Group Holding (www.gigroupholding.it) la prima multinazionale italiana del lavoro e una tra le principali realtà che offrono servizi e consulenza HR a livello globale. Il nostro Gruppo è attivo nei seguenti campi: Temporary, Permanent e Professional Staffing, Ricerca e Selezione di Profili Manageriali, Executive Search, Outsourcing, Formazione, Consulenza HR, Amministrazione HR, Employability, Transizione e Sviluppo di Carriera. Siamo presenti in più di 37 Paesi in Europa, Asia e America con un team di oltre 9.000 persone.
I valori che ci contraddistinguono: attenzione, collaborazione, passione, sostenibilità, apprendimento continuo e innovazione, responsabilità.
Consulta tutti i nostri annunci su www.gigroup.it

Gi Group S.p.A. è autorizzata ad operare dal Ministero del Lavoro e delle Politiche Sociali (Aut. Min. 26/11/2004 PROT. 1101 - SG).
L’offerta si intende rivolta ai candidati nel rispetto del D.lgs. n. 198/2006 e ss.mm.ii. e dei Decreti Legislativi n. 215 e n. 216 del 2003 sulle parità di trattamento.
I candidati sono invitati a leggere l’informativa privacy ai sensi degli artt. 13 e 14 del Reg. EU 679/2016 al seguente indirizzo www.gigroup.it/privacy-candidati"
Junior Data Analyst,InPost Italy,"Milan, Lombardy, Italy",2026-02-04,https://it.linkedin.com/jobs/view/junior-data-analyst-at-inpost-italy-4358032048?position=12&pageNum=0&refId=b7rzz70eEHzYLWgPNo6b6g%3D%3D&trackingId=UxXuoMIJOJOOhMuuS1In8g%3D%3D,"A proposito di InPost
Siamo una multinazionale logistica, quotata alla borsa di Amsterdam e attualmente presente strategicamente in Polonia, Francia, Belgio, Lussemburgo, Paesi Bassi, Spagna, Portogallo, Inghilterra ed Italia.
Stiamo creando un’esperienza di shopping online smart e sostenibile attraverso una rete di 4500 locker automatizzati e di 6000 PUDOs (Pick Up and Drop Off Points).
La nostra filosofia, centrata sui bisogni dei consumatori e sul rispetto dell’ambiente in cui viviamo, ci ha portati a sviluppare una tecnologia capace di innovare la logistica dell’ultimo miglio, rendendola ecosostenibile, efficiente e conveniente.

Il profilo che stiamo cercando:
Siamo alla ricerca di un/a giovane Data Analyst da inserire nel nostro team Strategy!
Questa posizione offrirà l'opportunità di acquisire competenze in analisi dei dati e di lavorare a stretto contatto con i vari dipartimenti dell'azienda. Il/la candidato/a avrà l'opportunità di imparare ad utilizzare strumenti e linguaggi come Excel, SQL, PowerBI, Databricks, PySpark, n8n e di contribuire al miglioramento dei processi aziendali.

Di cosa ti occuperai:
Supporterai i diversi dipartimenti aziendali nello sviluppo di strategie basate sui dati.
Elaborerai analisi quantitative per monitorare KPI economici e di processo, fornendo insight chiave al business.
Ti occuperai dell'estrazione e della manipolazione di grandi volumi di dati per identificare trend e opportunità di miglioramento.
Contribuirai alla creazione e manutenzione di dashboard per il monitoraggio delle performance aziendali.

Skills e Requisiti:
Laurea in statistica, economia, ingegneria gestionale, materie informatiche o discipline affini
Forti capacità analitiche e di problem-solving
Conoscenza di base di Excel
Capacità di lavorare in team e di comunicare efficacemente

Perchè scegliere InPost
Borsa di studio di 850€
Piattaforma formativa ad accesso illimitato
Contesto multinazionale
Ambiente lavorativo flessibile, creativo, vibrante
Contribuire alla creazione di una logistica responsabile ed ecosostenibile
Entrare a far parte di un team di persone appassionate, preparate e motivate

Il presente annuncio è rivolto ad entrambi i sessi, ai sensi delle leggi 903/77 e 125/91, e a persone di tutte le età e tutte le nazionalità, ai sensi dei decreti legislativi 215/03 e 216/03
Invitiamo a prendere visione della nostra liberatoria privacy sul nostro sito www.inpost.it, alla sezione Privacy Policy - Colloqui e selezione."
Data Analyst (0 Experience Required),Peroptyx,"Umbria, Italy",2026-02-12,https://it.linkedin.com/jobs/view/data-analyst-0-experience-required-at-peroptyx-4370349878?position=13&pageNum=0&refId=b7rzz70eEHzYLWgPNo6b6g%3D%3D&trackingId=TI%2F1d%2BSIZep8FHFOZ6s2jQ%3D%3D,Description not available
Data Analyst (0 Experience Required),Peroptyx,Greater Turin Metropolitan Area,2026-02-12,https://it.linkedin.com/jobs/view/data-analyst-0-experience-required-at-peroptyx-4370347948?position=14&pageNum=0&refId=b7rzz70eEHzYLWgPNo6b6g%3D%3D&trackingId=KMLFeZzARsdwhOB8vW5QeQ%3D%3D,Description not available
Data Analyst (0 Experience Required),Peroptyx,"Lombardy, Italy",2026-02-13,https://it.linkedin.com/jobs/view/data-analyst-0-experience-required-at-peroptyx-4370352877?position=15&pageNum=0&refId=b7rzz70eEHzYLWgPNo6b6g%3D%3D&trackingId=V4sy2T4BQ64%2FvriVu3oS%2BQ%3D%3D,Description not available
Data Analyst (0 Experience Required),Peroptyx,Greater Rome Metropolitan Area,2026-02-12,https://it.linkedin.com/jobs/view/data-analyst-0-experience-required-at-peroptyx-4370352836?position=16&pageNum=0&refId=b7rzz70eEHzYLWgPNo6b6g%3D%3D&trackingId=U62qJ9H9I4PWyCPEqgUX0g%3D%3D,Description not available
CRM Data Analyst,Cesar S.p.A.,"Città Sant’Angelo, Abruzzi, Italy",2026-02-10,https://it.linkedin.com/jobs/view/crm-data-analyst-at-cesar-s-p-a-4355402104?position=17&pageNum=0&refId=b7rzz70eEHzYLWgPNo6b6g%3D%3D&trackingId=d6RC7lyjcJ7mJlkrdPHt5w%3D%3D,Description not available
DATA ANALYST AND REPORTING,Aeroporti di Roma,"Rome, Latium, Italy",2026-01-27,https://it.linkedin.com/jobs/view/data-analyst-and-reporting-at-aeroporti-di-roma-4350301206?position=18&pageNum=0&refId=b7rzz70eEHzYLWgPNo6b6g%3D%3D&trackingId=k%2B3Om4q75Gl5gYsdAC0ODg%3D%3D,Description not available
Business Intelligence / Data Analyst – Microsoft Power Platform,LHH,Italy,2026-02-10,https://it.linkedin.com/jobs/view/business-intelligence-data-analyst-%E2%80%93-microsoft-power-platform-at-lhh-4370992848?position=19&pageNum=0&refId=b7rzz70eEHzYLWgPNo6b6g%3D%3D&trackingId=OeVtvqw%2B8%2FRp%2FxQK6As96g%3D%3D,
Junior Business Intelligence specialist,Bosch Rexroth Italia,"Cernusco sul Naviglio, Lombardy, Italy",2026-02-06,https://it.linkedin.com/jobs/view/junior-business-intelligence-specialist-at-bosch-rexroth-italia-4360587751?position=20&pageNum=0&refId=b7rzz70eEHzYLWgPNo6b6g%3D%3D&trackingId=zk2nrH0KkRll41UnthmDsA%3D%3D,Description not available
Data Analyst,Università Campus Bio-Medico di Roma,"Rome, Latium, Italy",2026-02-13,https://it.linkedin.com/jobs/view/data-analyst-at-universit%C3%A0-campus-bio-medico-di-roma-4364126185?position=21&pageNum=0&refId=b7rzz70eEHzYLWgPNo6b6g%3D%3D&trackingId=a%2BGrcZCOFUlHAqHHOZXJjA%3D%3D,Description not available
Data Analyst,BizAway,"Milan, Lombardy, Italy",2026-02-12,https://it.linkedin.com/jobs/view/data-analyst-at-bizaway-4362500181?position=22&pageNum=0&refId=b7rzz70eEHzYLWgPNo6b6g%3D%3D&trackingId=A4Km3hI5R0tuoiA5eqomwQ%3D%3D,Description not available
Data Analyst (Rif. 2025-347),aizoOn Technology Consulting,"Turin, Piedmont, Italy",2026-01-15,https://it.linkedin.com/jobs/view/data-analyst-rif-2025-347-at-aizoon-technology-consulting-4314972223?position=23&pageNum=0&refId=b7rzz70eEHzYLWgPNo6b6g%3D%3D&trackingId=U6JIj8xshXlvGmzRi4yeqg%3D%3D,Description not available
Junior Data Analyst,Risorse Professional,"Milan, Lombardy, Italy",2026-02-11,https://it.linkedin.com/jobs/view/junior-data-analyst-at-risorse-professional-4363193257?position=24&pageNum=0&refId=b7rzz70eEHzYLWgPNo6b6g%3D%3D&trackingId=KaxI5BPFwBWEO2%2BizwHYDw%3D%3D,Description not available
Junior ESG Analyst,Iper La grande i,"Milan, Lombardy, Italy",2026-02-08,https://it.linkedin.com/jobs/view/junior-esg-analyst-at-iper-la-grande-i-4339997656?position=25&pageNum=0&refId=b7rzz70eEHzYLWgPNo6b6g%3D%3D&trackingId=aXc2eDjpn6dm3rFUlTUItQ%3D%3D,Description not available
Business Data Analyst,MSX International,"Rome, Latium, Italy",2026-01-26,https://it.linkedin.com/jobs/view/business-data-analyst-at-msx-international-4240143422?position=26&pageNum=0&refId=b7rzz70eEHzYLWgPNo6b6g%3D%3D&trackingId=AfA8LlYsbYJ8gXYHXkE3Tw%3D%3D,Description not available
Data Analyst jr (Multinazionale di Produzione),Adecco,"Trezzo sull'Adda, Lombardy, Italy",2026-02-13,https://it.linkedin.com/jobs/view/data-analyst-jr-multinazionale-di-produzione-at-adecco-4364416378?position=27&pageNum=0&refId=b7rzz70eEHzYLWgPNo6b6g%3D%3D&trackingId=H4QH7OU0EBZWCvFuGtAINg%3D%3D,Description not available
Intern - Data Analyst,Lemon Tree Advisory,"Milan, Lombardy, Italy",2026-02-03,https://it.linkedin.com/jobs/view/intern-data-analyst-at-lemon-tree-advisory-4368721179?position=28&pageNum=0&refId=b7rzz70eEHzYLWgPNo6b6g%3D%3D&trackingId=EAI2Jdw4eZlqe8Ccswisug%3D%3D,Description not available
Digital Data Analyst,Haworth Lifestyle,Greater Milan Metropolitan Area,2026-01-21,https://it.linkedin.com/jobs/view/digital-data-analyst-at-haworth-lifestyle-4365086708?position=29&pageNum=0&refId=b7rzz70eEHzYLWgPNo6b6g%3D%3D&trackingId=%2BMs1eu%2FWpI54dMPKjrWnXA%3D%3D,Description not available
Analista dati,BUGNION SpA,"Milan, Lombardy, Italy",2026-01-20,https://it.linkedin.com/jobs/view/analista-dati-at-bugnion-spa-4353922975?position=30&pageNum=0&refId=b7rzz70eEHzYLWgPNo6b6g%3D%3D&trackingId=%2B7D7ZbWMNfjPpou4yY%2BWkA%3D%3D,Description not available
Data Analyst,CGI,"Catania, Sicily, Italy",2026-02-14,https://it.linkedin.com/jobs/view/data-analyst-at-cgi-4349382268?position=31&pageNum=0&refId=b7rzz70eEHzYLWgPNo6b6g%3D%3D&trackingId=LasccQbOGp7o5gQ4B5bvuw%3D%3D,Description not available
CRM Data Analyst,TOD'S Group,"Milan, Lombardy, Italy",2026-01-20,https://it.linkedin.com/jobs/view/crm-data-analyst-at-tod-s-group-4360937581?position=32&pageNum=0&refId=b7rzz70eEHzYLWgPNo6b6g%3D%3D&trackingId=9kWZuw7mA03f2LtHcRRMwg%3D%3D,Description not available
Business Data Analyst,MSX International,"Rome, Latium, Italy",2026-02-01,https://it.linkedin.com/jobs/view/business-data-analyst-at-msx-international-4334770058?position=33&pageNum=0&refId=b7rzz70eEHzYLWgPNo6b6g%3D%3D&trackingId=8ot1wPVbCfJnwl4j8eUFkg%3D%3D,Description not available
Analista dati,MatchGuru,"Rome, Latium, Italy",2026-01-26,https://it.linkedin.com/jobs/view/analista-dati-at-matchguru-4366113257?position=34&pageNum=0&refId=b7rzz70eEHzYLWgPNo6b6g%3D%3D&trackingId=7fhun0zkgXjDFnHAGTdeuw%3D%3D,Description not available
Data Analyst,Gruppo Teddy,"Rimini, Emilia-Romagna, Italy",2026-02-03,https://it.linkedin.com/jobs/view/data-analyst-at-gruppo-teddy-4330732514?position=35&pageNum=0&refId=b7rzz70eEHzYLWgPNo6b6g%3D%3D&trackingId=Q86iJ7WkXPTCv%2FHHOB5I8Q%3D%3D,Description not available
PURCHASING DATA ANALYST,De'Longhi Group,"Treviso, Veneto, Italy",2026-02-09,https://it.linkedin.com/jobs/view/purchasing-data-analyst-at-de-longhi-group-4361758893?position=36&pageNum=0&refId=b7rzz70eEHzYLWgPNo6b6g%3D%3D&trackingId=g3HcGVcxn2CMh21ZPDUziA%3D%3D,Description not available
Data Analyst,SDG Group Italy,Greater Milan Metropolitan Area,2025-12-29,https://it.linkedin.com/jobs/view/data-analyst-at-sdg-group-italy-3629191200?position=37&pageNum=0&refId=b7rzz70eEHzYLWgPNo6b6g%3D%3D&trackingId=XCPgfg71ZLL%2BZk3raKKXRQ%3D%3D,Description not available
Intern - Data Analyst,Lemon Tree Advisory,"Florence, Tuscany, Italy",2026-02-03,https://it.linkedin.com/jobs/view/intern-data-analyst-at-lemon-tree-advisory-4368716372?position=38&pageNum=0&refId=b7rzz70eEHzYLWgPNo6b6g%3D%3D&trackingId=fA5Uxwkue2AYZ6XPau%2B9ZA%3D%3D,Description not available
Data Analyst,Interroll Group,"Rho, Lombardy, Italy",2026-02-12,https://it.linkedin.com/jobs/view/data-analyst-at-interroll-group-4363247305?position=39&pageNum=0&refId=b7rzz70eEHzYLWgPNo6b6g%3D%3D&trackingId=FIueJP%2B2xTnWXZCGQBtjkQ%3D%3D,Description not available
Intern - Data Analyst,Lemon Tree Advisory,"Bologna, Emilia-Romagna, Italy",2026-02-03,https://it.linkedin.com/jobs/view/intern-data-analyst-at-lemon-tree-advisory-4368716358?position=40&pageNum=0&refId=b7rzz70eEHzYLWgPNo6b6g%3D%3D&trackingId=CEzgmelPY20rlhEgIJOzPQ%3D%3D,Description not available
Intern - Data Analyst,Lemon Tree Advisory,"Rome, Latium, Italy",2026-02-03,https://it.linkedin.com/jobs/view/intern-data-analyst-at-lemon-tree-advisory-4368712688?position=41&pageNum=0&refId=b7rzz70eEHzYLWgPNo6b6g%3D%3D&trackingId=w9e%2BGIDIY7O6ckzfBjHTuA%3D%3D,Description not available
Junior Data Analyst,STIGA,"Castelfranco Veneto, Veneto, Italy",2026-02-05,https://it.linkedin.com/jobs/view/junior-data-analyst-at-stiga-4349137433?position=42&pageNum=0&refId=b7rzz70eEHzYLWgPNo6b6g%3D%3D&trackingId=rTPVe5i017yZNX4YC2jl4w%3D%3D,Description not available
Junior Analyst (Italia),Temsi,"Bologna, Emilia-Romagna, Italy",2026-02-11,https://it.linkedin.com/jobs/view/junior-analyst-italia-at-temsi-4371287183?position=43&pageNum=0&refId=b7rzz70eEHzYLWgPNo6b6g%3D%3D&trackingId=0K2zgQeCv8tEr7P%2BfaGxbA%3D%3D,Description not available
BI & Data Analytics Intern,Ayvens,"Rome, Latium, Italy",2026-01-13,https://it.linkedin.com/jobs/view/bi-data-analytics-intern-at-ayvens-4353110021?position=44&pageNum=0&refId=b7rzz70eEHzYLWgPNo6b6g%3D%3D&trackingId=w4OGqv%2BQZHYSJnN%2FwWyZyw%3D%3D,Description not available
Intern - Data Analyst,Lemon Tree Advisory,"Genoa, Liguria, Italy",2026-02-03,https://it.linkedin.com/jobs/view/intern-data-analyst-at-lemon-tree-advisory-4368718329?position=45&pageNum=0&refId=b7rzz70eEHzYLWgPNo6b6g%3D%3D&trackingId=qd0ngtbKcIVWlPlHiDO0Mw%3D%3D,Description not available
Demand Management Intern,Renault Group,"Rome, Latium, Italy",2026-02-09,https://it.linkedin.com/jobs/view/demand-management-intern-at-renault-group-4370525034?position=46&pageNum=0&refId=b7rzz70eEHzYLWgPNo6b6g%3D%3D&trackingId=71DSRLYUmiYt2oG7d0%2Fuqw%3D%3D,Description not available
Data Visualization Analyst,NEVERHACK Italy,"Rome, Latium, Italy",2026-02-12,https://it.linkedin.com/jobs/view/data-visualization-analyst-at-neverhack-italy-4364121489?position=47&pageNum=0&refId=b7rzz70eEHzYLWgPNo6b6g%3D%3D&trackingId=nt1Lb%2BmDIX9m25op9EmoOw%3D%3D,Description not available
Internship Data Analyst,Air Liquide,"Milan, Lombardy, Italy",2026-01-28,https://it.linkedin.com/jobs/view/internship-data-analyst-at-air-liquide-4338912701?position=48&pageNum=0&refId=b7rzz70eEHzYLWgPNo6b6g%3D%3D&trackingId=09Gs8XbX5WhPmoFL8%2Biy6Q%3D%3D,Description not available
Business & Data Analyst Internship,Dompé,"Milan, Lombardy, Italy",2026-01-20,https://it.linkedin.com/jobs/view/business-data-analyst-internship-at-domp%C3%A9-4364398830?position=49&pageNum=0&refId=b7rzz70eEHzYLWgPNo6b6g%3D%3D&trackingId=Mh9WniHWhnpPMjpgS89r5Q%3D%3D,Description not available
Data Analyst,Onit,"Forlì, Emilia-Romagna, Italy",2025-10-15,https://it.linkedin.com/jobs/view/data-analyst-at-onit-4158303901?position=50&pageNum=0&refId=b7rzz70eEHzYLWgPNo6b6g%3D%3D&trackingId=qOEjw3i68jX6RqokLhkDCg%3D%3D,"Profilo ricercato:

Ricerchiamo una figura di Data Analyst qualificata e proattiva. La persona ideale ha 1-2 anni di esperienza e ha conseguito la Laurea in Informatica o discipline STEM.

Si occuperà di analisi dei requisiti, progettazione e realizzazione di ambienti interattivi per l'analisi dati e creazione di strati semantici per facilitare l'accesso ai dati, anche da parte di utenti non tecnici. Sarà coinvolta in studi di fattibilità, confronto di soluzioni e stima dei benefici, garantendo la copertura funzionale.

Dovrà inoltre produrre documentazione, manuali utente e formare il personale, anche con training on the job. Infine, parteciperà alla sperimentazione di nuovi prodotti, sviluppo di prototipi e valutazione delle nuove tecnologie attraverso analisi costi/benefici.

Skills tecniche

Modellazione dati di tipo normalizzato per basi dati operazionali e modelli dati per il data warehouse, metodologia e modelli OLAP e ROLAP, tecniche di analisi multidimensionale, linguaggio SQL
Conoscenza di tematiche applicative, best practice e metodologie di analisi, disegno e test in ambito data warehouse, business intelligence e analytics
Conoscenza della piattaforma Qlik Sense per l'analisi e l'elaborazione dei dati, la produzione di reportistica, la realizzazione di strati semantici per l'accesso ai dati da parte di utenti non specialisti
Conoscenza della piattaforma MS Power BI per l'analisi e l'elaborazione dei dati, la produzione di reportistica, la realizzazione di strati semantici per l'accesso ai dati da parte di utenti non specialisti.

Soft Skills

Capacità di lavorare in team e comunicare efficacemente
Capacità analitiche e problem-solving
Curiosità e propensione all'apprendimento costante
Precisione e orientamento all'obiettivo

Nice To Have

Conoscenza Apache Spark
Conoscenza piattaforma Pentaho

Cosa offriamo:

Possibilità di smart-working
Flessibilità oraria
Ambiente di lavoro giovane, collaborativo ed innovativo
Academy interna e possibilità di crescita professionale

Essere parte di Onit vuol dire abbracciare valori come onestà, rispetto, equità, trasparenza, fiducia e responsabilità. Questi pilastri sono alla base delle nostre relazioni interne, creando un ambiente in cui ognuno può esercitare la propria attività in modo responsabile e flessibile. Accogliamo con entusiasmo candidati di ogni identità, convinti che la diversità sia la nostra più grande forza.

Se ti riconosci nei nostri valori, candidati ora. Ti contatteremo per un primo colloquio conoscitivo o conserveremo il tuo CV per opportunità future.

Dedichiamo tempo e cura alla valorizzazione del tuo talento, investiamo nelle tue competenze e diamo spazio alla tua voglia di metterti alla prova e fare la differenza. Se vuoi crescere insieme a ONIT verso l'obiettivo di essere il miglior partner nell'innovazione digitale, entra a far parte del nostro team!

La certificazione Great Place to Work conferma il nostro impegno per un ambiente lavorativo in cui il benessere e lo sviluppo delle persone sono la priorità, tanto quanto la soddisfazione dei clienti.

La registrazione sul nostro gestionale potrà esser fatta da te direttamente attraverso il pulsante ""candidati"" o dall'Ufficio People di Onit.

Ci teniamo a precisare che l'indice di compatibilità restituito dai test presenti in piattaforma è solo un riferimento per la valutazione; incoraggiamo tutte le persone a candidarsi alle nostre offerte di lavoro."
Data & Reporting Specialist (CIB),BPER Banca,"Milan, Lombardy, Italy",2026-02-04,https://it.linkedin.com/jobs/view/data-reporting-specialist-cib-at-bper-banca-4369069560?position=51&pageNum=0&refId=b7rzz70eEHzYLWgPNo6b6g%3D%3D&trackingId=HF7LKOtevW3nCQZEbvKZDw%3D%3D,"BPER Banca è uno dei più importanti gruppi bancari a livello nazionale. Siamo una realtà solida e attenta alle esigenze degli individui, delle imprese e dei territori. Da sempre siamo orientati al futuro per essere protagonisti del cambiamento attraverso un percorso di crescita inclusiva e sostenibile per i nostri clienti e le nostre persone.

Chi cerchiamo:
Data & Reporting Specialist per l’Ufficio Reporting & Budget CIB, all’interno del Servizio Marketing Strategico Corporate & Investment Banking, con sede di lavoro a Milano.
Ecco un esempio delle attività che seguirai:
• Monitoraggio delle performance della Divisione Bper CIB attraverso l’esecuzione di analisi mirate e definizione di KPI.
• Definizione e ottimizzazione dei modelli di monitoraggio di Bper CIB: ciclo di forecasting e budgeting, target setting e obiettivi di vendita.
• Supporto alla progettazione, realizzazione e manutenzione di dashboard e reportistica per la Rete Commerciale e per le Fabbriche Prodotto interne a Bper CIB.
• Collaborare a stretto contatto con IT e Data Office per garantire l’affidabilità e la disponibilità dei dati.
Requisiti mandatory:
• Laurea in discipline economiche o scientifiche
• Almeno 7/10 anni di esperienza in ruoli analoghi (Business Intelligence, Customer Value Management, Pianificazione e Controllo di Gestione) all’interno di Istituti Bancari
• Necessari background analitico e forte orientamento al Cliente Interno (strutture commerciali di rete, specialisti di prodotto e strutture di direzione), abbinati alla capacità di coniugare dati, insight e strategia per contribuire alla pianificazione e all’efficacia dell’azione commerciale della Divisione Bper CIB
• Conoscenza avanzata di strumenti MS Office (Excel, Power Point, Access), conoscenza di strumenti di elaborazione massiva dati (SAS, linguaggio SQL)
Nice to have
• Conoscenza dei modelli di definizione della redditività gestionale di Cliente/Portafoglio e dei principali meccanismi di funzionamento nell’offerta bancaria alle Imprese (prodotti di Traditional Banking, Investment Banking e strategie di Risk Adjusted Pricing).
Cosa offriamo:
Ambiente di lavoro dinamico e stimolante che favorisce l’autonomia e la crescita professionale
Confronto con colleghi con diverse esperienze formative e professionali
Lavoro in team e modalità di lavoro “cross functions”
Acquisizione e rinforzo di skills e competenze
Assunzione a tempo indeterminato con applicazione del CCNL Credito e riconoscimento di benefit aziendali quali: assistenza sanitaria, previdenza complementare, buoni pasto, welfare, condizioni agevolate su prodotti e servizi bancari

Valorizza la tua carriera entrando a far parte di una banca dinamica e in continua crescita, orientata ad un futuro sostenibile da raggiungere grazie ai nostri valori di passione, responsabilità e collaborazione."
Intern - Data Analyst,Lemon Tree Advisory,"Naples, Campania, Italy",2026-02-03,https://it.linkedin.com/jobs/view/intern-data-analyst-at-lemon-tree-advisory-4368720196?position=52&pageNum=0&refId=b7rzz70eEHzYLWgPNo6b6g%3D%3D&trackingId=mhwtKNKOTAAF1R8iMsQdeg%3D%3D,Description not available
Data Analyst,ADHR GROUP,"Milan, Lombardy, Italy",2026-02-05,https://it.linkedin.com/jobs/view/data-analyst-at-adhr-group-4359576505?position=53&pageNum=0&refId=b7rzz70eEHzYLWgPNo6b6g%3D%3D&trackingId=P56XYi%2F58G4kB791yU1nVg%3D%3D,"Il nostro cliente è una realtà che produce dispositivi per il controllo dell’aria. In ottima di potenziamento del personale, cerchiamo un/una Data Analyst che supporti le funzioni aziendali (produzione, supply chain, qualità, vendite e R&D) attraverso l’analisi dei dati, contribuendo a migliorare i processi decisionali e le performance operative.

Responsabilità principali:
Analizzare dati di produzione, qualità e performance dei prodotti
Creare report e dashboard a supporto del management
Identificare trend, anomalie e opportunità di miglioramento dei processi industriali
Collaborare con i team di produzione, ingegneria e supply chain
Supportare progetti di ottimizzazione e miglioramento continuo
Garantire la qualità, coerenza e affidabilità dei dati

Requisiti:
Laurea in Statistica, Ingegneria, Economia, Informatica o discipline affini
Esperienza di almeno di almeno un anno nel medesimo ruolo
Ottima conoscenza di SQL e Excel
Buona padronanza di strumenti di data visualization (Power BI, Tableau o simili)
Capacità di analisi, problem solving e attenzione al dettaglio
Buone capacità comunicative e di lavoro in team

Cosa offriamo:
Inserimento in un’azienda solida e in crescita
Ambiente dinamico e orientato all’innovazione
Opportunità di sviluppo professionale
Contratto a tempo indeterminato Ral 35.000€

Le ricerche sono rivolte a candidati dell’uno e dell’altro sesso ai sensi delle L.903/77 e L.125/91. I candidati sono invitati a leggere l’informativa privacy sul sito di Adhr Group ai sensi dell’art. 13 del Regolamento (UE) 2016/679 sulla protezione dei dati (GDPR). ADHR GROUP – Agenzia per il lavoro S.p.a. Iscr. Albo Agenzie per il Lavoro Sez. I – Aut. Min. prot.n.13/I/0013269"
Data Analyst,ESIS Srl,Italy,2026-01-20,https://it.linkedin.com/jobs/view/data-analyst-at-esis-srl-4353953480?position=54&pageNum=0&refId=b7rzz70eEHzYLWgPNo6b6g%3D%3D&trackingId=FDOM2Vd3AFNchBNa%2F7xYOg%3D%3D,Description not available
Data Analyst Graduate RM,Boston Scientific,"Milan, Lombardy, Italy",2026-02-13,https://it.linkedin.com/jobs/view/data-analyst-graduate-rm-at-boston-scientific-4372737411?position=55&pageNum=0&refId=b7rzz70eEHzYLWgPNo6b6g%3D%3D&trackingId=f4ni8jBHMmKAxpHWn7MQMg%3D%3D,"At Boston Scientific, you will find a collaborative culture driven by a passion for innovation that keeps us connected on the most essential level. With determination, imagination and a deep caring for human life, we’re solving some of the most important healthcare industry challenges. Together, we’re one global team committed to making a difference in people’s lives around the world. This is a place where you can find a career with meaningful purpose—improving lives through your life’s work.

About The Role

Working in our Rhythm Management division, as a member of the RM team, you will be working in the division to design, development, and maintain (Tableau) reports to support the business in the execution of the business strategies, priorities and objectives.

You will be working with the maintenance of the existing reports available in our Portfolio (RM Navigator), besides developing dashboards to support new product launches and/or strategy execution of key products and projects You will be connecting the dots between the different functions and systems to enable, create/improve the structures and processes to design reports and ensure data accuracy and availability. You will also be the focal point for the user support, where you will work closely with our Sales and Marketing team to support with the Tableau requests, questions and troubleshooting.

Starting in March/April 2026 this role is a 12-month Hybrid contract based out of our Milan office.

Your Responsibilities Will Be

Update and maintenance of the existing reports in the reporting portfolio (RM Navigator)
Development of optimal dashboards that support the new product launches and/or strategy execution of key products and projects.
Connecting the dots between the different functions to design, create or improve the structures and processes to ensure data accuracy and availability. (Working together with the systems owners)
Creation of data flow to integrate different data sources (clean, join, pivot, aggregate, etc…)
2nd level Tableau User Support
Grant user access to Tableau
Manage the Tableau requests from the users to its completion.
Provide learning sessions for reports/Tableau features & functions.

What Are We Looking For In You

Be a recent Bachelors or Masters graduate (2025/2026) in Analytics, Economics or Business Management
Be fluent in Italian and English (C1)
Have strong analytical skills and demonstrated understanding of how to interpret Sales/Mkt business needs and translate them into requirements.
Have Tableau and Excel skills for business analysis.
Be a person with meticulous and detailed working skills.
Have planning, time management, strong communication and presentation skills.

What You Can Expect From Us

Defined-term contract (12 months) with competitive salary and company benefits.
Support in developing your skills and expertise in various area.
A solid onboarding and development plan.
Regular coaching and development feedback and supporting performance review.
An inclusive culture.
Strong team spirit and collaboration.

Location: our offices in Milan, on a hybrid work mode schedule.

Start date: March/ April 2026

We, Boston Scientific, are an equal employment opportunity employer. We do not and will not make any personnel decisions (like recruiting, hiring, job assignments, and promotions) based on a person’s age, color, national origin, citizenship status, physical or mental disability, race, religion, creed, gender, sex, sexual orientation, gender identity and/or expression, genetic information, marital status, status with regard to public assistance, veteran status, or any other characteristic protected by federal, state or local law."
Data Analyst (Excel),Deda Speed,"Brugherio, Lombardy, Italy",2026-01-23,https://it.linkedin.com/jobs/view/data-analyst-excel-at-deda-speed-4320949117?position=56&pageNum=0&refId=b7rzz70eEHzYLWgPNo6b6g%3D%3D&trackingId=m3ymo6zHMnma77lND6N5Tw%3D%3D,Description not available
Data Analytics & Visualization Associate - Milano,PwC Italy,"Milan, Lombardy, Italy",2026-01-29,https://it.linkedin.com/jobs/view/data-analytics-visualization-associate-milano-at-pwc-italy-4339090393?position=57&pageNum=0&refId=b7rzz70eEHzYLWgPNo6b6g%3D%3D&trackingId=I4tOyd%2Fu7LC%2Fizq9NdprYA%3D%3D,"Vuoi essere al centro di prospettive di crescita uniche?
Entra nella practice Technology Consulting di PwC e diventa:Data Analytics & Visualization Associate
YOUR PERSPECTIVE
Farai parte di un team che sviluppa soluzioni avanzate di Business Intelligence e Data Analytics per progetti di Digital Transformation in settori come Automotive, Industrial Manufacturing, Consumer Markets, Energy & Utilities, Financial Services, Telco & Media. Lavorerai con le tecnologie più recenti per trasformare i dati in insight concreti.
Le tue attività principali saranno:
Sviluppo end-to-end di soluzioni BI: dalla raccolta dei requisiti alla realizzazione di dashboard interattive.
Implementazione di processi ETL per l’integrazione e la trasformazione dei dati provenienti da diverse fonti.
Data Modeling: progettazione di modelli relazionali e semantici per ottimizzare performance e scalabilità.
Data Preparation: pulizia, normalizzazione e arricchimento dei dati per garantire qualità e coerenza.
Sviluppo di report e dashboard utilizzando strumenti di Data Visualization (Power BI, Qlik, Tableau).
Analisi comparativa delle tecnologie e studi di fattibilità per scegliere le soluzioni più adatte.
Ottimizzazione delle query e tuning delle performance su database relazionali e modelli analitici.
YOUR UNIQUE STRENGHTS
Laurea in Informatica, Ingegneria, Economia, Matematica o discipline affini.
Esperienza nello sviluppo con almeno uno dei principali tool di Data Visualization: Power BI, QlikView/QlikSense, Tableau.
Conoscenza di SQL e dei linguaggi di manipolazione dati (T-SQL, DAX, M, Phyton, PySpark).
Familiarità con ETL e tecniche di Data Modeling.
Comprensione dei concetti di Data Preparation e gestione di dataset complessi.
Interesse per Business Intelligence, Data Analytics e Big Data.
Plus: certificazioni su Power BI, Qlik, Tableau."
Data Analyst,Tinexta Infocert,"Rome, Latium, Italy",2026-02-03,https://it.linkedin.com/jobs/view/data-analyst-at-tinexta-infocert-4368616825?position=58&pageNum=0&refId=b7rzz70eEHzYLWgPNo6b6g%3D%3D&trackingId=cViD1WykXUNZBpGwnZ05TA%3D%3D,"Tinexta InfoCert è la più grande Certification Authority e Qualified Trust Service Provider (QTSP) in Europa e risponde alle esigenze di evoluzione digitale di imprese ed enti pubblici, disegnando soluzioni digitali che migliorano ed accelerano la trasformazione digitale dei processi aziendali. È una realtà attiva a livello internazionale e presente in oltre 20 Paesi nel mondo, attraverso le società del Gruppo Sixtema, Ascertia, Camerfirma e CertEurope.
Tinexta InfoCert fa parte di Tinexta SpA, Gruppo industriale quotato in Borsa Italiana (segmento Euronext STAR Milan) con HQ in Italia, oltre 3.000 dipendenti nel mondo e attivo in tre settori strategici: Digital Trust, Cyber Security e Business Innovation. Attraverso le società del Gruppo, promuove un’offerta integrata di servizi avanzati per l’identità e la certificazione digitale, cyber security, digital marketing e accesso ai finanziamenti per l’innovazione e l’internazionalizzazione.


Tinexta Infocert è alla ricerca di un Data Analyst che sarà inserito all’interno della Direzione responsabile delle vendite online e della gestione tecnica e dello sviluppo software dei canali digitali di supporto (siti web, e-commerce, piattaforme digitali). La risorsa sarà coinvolta in attività di analisi avanzata dei dati a supporto delle strategie commerciali e di customer engagement.


Principali responsabilità del ruolo:
Responsabile delle attività di analisi delle vendite e della reportistica sia a livello statistico che di data mining per intercettare fenomeni e correlazioni tra dati non visibili ad occhio nudo
Utilizzare gli strumenti di analisi e manipolazione dei dati (es. SQL, Tableau, etc.), oltre a modelli machine learning in ambiente Python.
Supportare la definizione delle liste target di clienti o prospect soggetti a campagne commerciali o di customer care eseguite attraverso strumento di Marketing Automation o in outbound telefonico.
Partecipare e condurre attivamente iniziative e attività avvalendosi di piattaforme AI per lo sfruttamento delle basi dati aziendali e terze.


Requisiti:
Laurea in Statistica, Economia, Informatica, Ingegneria Informatica o discipline affini (o esperienza equivalente)
Esperienza di almeno 4 anni in ruoli analoghi
Solida conoscenza delle tecniche e degli strumenti di analisi e manipolazione dei dati.
Capacità di realizzare dashboard e report in Tableau, realizzare modelli machine learning Python e utilizzare piattaforme AI.
Buona conoscenza della lingua inglese; la conoscenza dello spagnolo e/o del francese rappresenta un plus.
Costituisce titolo preferenziale l’esperienza maturata in contesti di vendite online, anche su scala internazionale.


Caratteristiche personali:
Elevata attenzione ai dettagli e al rispetto delle scadenze.
Approccio al lavoro strutturato, organizzato e orientato alla qualità.
Creatività e capacità di proporre soluzioni innovative.
Proattività, spirito di iniziativa e autonomia nella pianificazione delle attività.
Forte orientamento al raggiungimento degli obiettivi.
Attitudine al lavoro in team e alla collaborazione.


Think next, trust now
In Tinexta InfoCert crediamo che tutte le forme di diversità siano fonte di arricchimento reciproco. Per questo, ci impegniamo a garantire la parità di genere e un ambiente di lavoro inclusivo, in cui ogni singola risorsa possa contribuire con un valore unico al nostro Gruppo. Pertanto, accogliamo candidature senza distinzione di età, genere, nazionalità, disabilità, orientamento sessuale, religione o stato civile. I dati personali saranno trattati in conformità alle disposizioni contenute nel Regolamento UE 2016/679

Dyslexia Friendly Company
Tinexta InfoCert è una Dyslexia Friendly Company, riconosciuta dall'Associazione Italiana Dislessia, e garantisce a tutte le candidate e candidati con un Disturbo Specifico dell'Apprendimento (DSA) un adeguato processo di selezione, in linea con la normativa vigente.

Se hai un DSA, puoi dichiararlo nel tuo CV e avere accesso a strumenti e accomodamenti specifici durante il processo di selezione."
Customer Data Analyst,PwC Italy,"Milan, Lombardy, Italy",2026-01-29,https://it.linkedin.com/jobs/view/customer-data-analyst-at-pwc-italy-4266636870?position=59&pageNum=0&refId=b7rzz70eEHzYLWgPNo6b6g%3D%3D&trackingId=%2B956axCVixJRIAhLSl4EjQ%3D%3D,"Trasforma le tue aspirazioni professionali in una storia di successo, entra in PwC come:
Customer Data Analyst
Your Perspectives
Ti unirai al gruppo di Customer Transformation di PwC su sfidanti progetti di Customer Advance Analytics e Data Science in ambito Consumer Markets, Financial Services, Energy&Utilities e Telco&Media, per supportare le organizzazioni nel valorizzare il patrimonio informativo sulla propria clientela, utilizzando i dati a disposizione per sviluppare soluzioni innovative basate su Machine Learning.
Grazie all’accesso alle vaste competenze del nostro network internazionale, potrai dare spazio alle tue idee e fornire il contributo innovativo che hai sempre desiderato.
Sarai coinvolto con crescenti responsabilità nelle seguenti attività:
Disegno, sviluppo, test e misurazione delle performance di modelli di Machine Learning e di modelli statistici in ambito Marketing: segmentazioni, Customer scoring, modelli di classificazione, modelli predittivi, modelli di propensione/raccomandazione;
Analisi dati avanzate sul comportamento della clientela sia su canale fisico che digitale attraverso esplorazione di dati strutturati e destrutturati, al fine di derivare insight di business;
Sviluppo di analisi quantitative e modelli di Machine Learning a supporto di progettualità di data-driven Strategy & Decision Making;
Attività di targeting evoluto e valutazione quantitativo-statistica delle campagne di Marketing;
Raccolta dei requisiti progettuali a diretto contatto con la clientela per il disegno e l’elaborazione di soluzioni data-driven;
Your unique strengths
Stai concludendo o hai concluso il percorso di studi o possiedi una laurea magistrale preferibilmente ad indirizzo scientifico (es. Data Science, Informatica, Statistica, Matematica, Fisica);
Hai un’ottima conoscenza di almeno uno tra i linguaggi Python ed R;
Possiedi una buona conoscenza dei database relazionali e del linguaggio SQL;
Hai forti competenze analitiche e ti interessa usare i dati per trovare soluzioni funzionali, creative ed innovative a problemi complessi;
Parli e scrivi in inglese fluentemente;
Ti interessa lavorare in team e crescere in un ambiente di lavoro stimolante e positivo;
Sei flessibile e hai forte motivazione ad intraprendere una carriera professionale in consulenza;

Saranno considerate un plus, le conoscenze, anche a livello base di:
Framework Spark e piattaforme Cloud come Amazon Web Services, Azure e Google Cloud Platform;
Artificial Intelligence in ambito Speech Analytics, Natural Language Processing o Computer Vision;
Set your expectation higher:  
Il tuo talento e la tua curiosità avranno tutto lo spazio che meritano e, attraverso l’identificazione delle migliori risorse, contribuirai a garantire la qualità dei servizi che offriamo ai nostri clienti. In questo percorso di crescita sarai accompagnato da colleghi esperti e da una formazione continua e su misura grazie alla quale potrai mettere le tue competenze a disposizione dei clienti interni.  
   Feel at home:  
 Ci prendiamo cura delle nostre persone mettendole nelle condizioni di crescere ed esprimere al meglio il proprio potenziale. Ci impegniamo a creare valore per i clienti, le persone e la comunità, nel rispetto dell'ambiente.  
 GIVE YOUR LIFE A DIFFERENT PERSPECTIVE"
Data Analyst,Randstad Digital Italia,"Conegliano, Veneto, Italy",2026-01-20,https://it.linkedin.com/jobs/view/data-analyst-at-randstad-digital-italia-4353962909?position=60&pageNum=0&refId=b7rzz70eEHzYLWgPNo6b6g%3D%3D&trackingId=1n0aBKpOvfWQe436RVwLvg%3D%3D,"Randstad Digital, la divisione specializzata nella ricerca, selezione e formazione di profili IT di Randstad Italia, ricerca un Data Analyst per un'importante realtà operante in contesti progettuali innovativi e data-driven.

Il candidato ideale si occuperà di trasformare i dati grezzi in insight strategici, garantendo l'efficienza dei processi di reporting e l'ottimizzazione della data governance aziendale attraverso strumenti di analisi avanzata.

Responsabilità

Reporting e Monitoraggio: redazione di reportistica finanziaria e operativa per stakeholder interni ed esterni.
Dashboard Design: sviluppo di dashboard interattive con definizione e verifica costante dei KPI di business.
Data Engineering: costruzione di pipeline ETL/ELT per la creazione di master data e presentation layer.
Process Optimization: partecipazione attiva a progetti di miglioramento continuo e monitoraggio delle performance aziendali.
Data Governance: definizione e implementazione delle policy per la corretta gestione e integrità del dato.

Requisiti

Titolo di studio: Laurea in Statistica, Ingegneria Informatica o percorsi accademici focalizzati sull'analisi dei dati.
Conoscenza di SQL e Python; padronanza di strumenti di Business Intelligence (Power BI, Qlik Sense o Tableau).
Conoscenza delle principali infrastrutture dati e del pacchetto Office
Forte predisposizione analitica, orientamento al problem solving e proattività.

Modalità di lavoro: In presenza
Luogo di lavoro: Conegliano
Retribuzione: 35-40K

La ricerca è rivolta ai candidati ambosessi (L.903/77). Ti preghiamo di leggere l'informativa sulla privacy Randstad (https://www.randstad.it/privacy/) ai sensi dell'art. 13 del Regolamento (UE) 2016/679 sulla protezione dei dati (GDPR)."
